problem_id,N,k,p,ICC,mstar,DEFF
46794,108.0,11,0.62963,0.258066,13.333333,4.18282
46800,126.0,12,0.761905,0.15721,14.190476,3.07367
46821,116.0,10,0.706897,0.423064,17.586207,8.017026
46827,102.0,10,0.588235,0.185414,16.588235,3.890273
46833,108.0,10,0.666667,0.136731,13.259259,2.676222
46836,112.0,11,0.589286,-0.005536,17.0,0.911432
46839,106.0,10,0.811321,0.630239,15.283019,10.001718
46842,108.0,12,0.648148,0.249625,12.37037,3.838326
46851,114.0,11,0.719298,0.194591,12.877193,3.311193
46854,114.0,11,0.701754,0.380154,12.175439,5.248385
46860,100.0,10,0.68,0.092997,12.96,2.112247
46863,102.0,10,0.803922,0.217974,13.764706,3.782372
46878,104.0,10,0.615385,0.069556,13.461538,1.866779
49292,248.0,10,0.814516,0.471315,55.774194,26.815893
49295,224.0,11,0.803571,0.266269,47.928571,13.495627
49298,198.0,13,0.686869,0.040306,38.323232,2.504332
49301,248.0,13,0.677419,0.284494,55.419355,16.481997
49304,220.0,11,0.672727,0.29896,38.072727,12.083272
49307,240.0,11,0.725,0.169734,48.566667,9.073682
49310,234.0,10,0.752137,0.30826,47.57265,15.356504
49313,272.0,11,0.735294,0.311809,47.970588,15.645833
49316,226.0,10,0.734513,0.242139,46.707965,12.067681
49319,270.0,12,0.725926,0.205144,50.385185,11.131093
49322,224.0,12,0.758929,0.34379,46.642857,16.691538
49325,272.0,12,0.764706,0.168061,48.529412,8.987826
49328,250.0,10,0.72,0.271582,53.04,15.133141
49331,262.0,10,0.717557,0.168179,52.167939,9.605373
49334,218.0,11,0.688073,0.089163,39.357798,4.420094
49337,228.0,11,0.675439,0.188081,46.315789,9.523043
49340,230.0,11,0.765217,0.2194,52.991304,12.406885
49343,240.0,13,0.741667,0.328262,43.966667,15.104321
49346,212.0,11,0.754717,0.250752,44.45283,11.895881
49349,216.0,11,0.675926,0.149127,40.962963,6.95955
49352,260.0,12,0.769231,0.372674,50.123077,19.306897
49358,212.0,11,0.783019,0.312511,41.396226,13.624273
49361,232.0,11,0.784483,0.348105,44.206897,16.040538
49364,236.0,11,0.711864,0.208832,44.949153,10.177968
49367,232.0,11,0.706897,0.186562,48.413793,9.845601
49370,210.0,13,0.809524,0.338916,37.733333,13.449515
49373,270.0,12,0.725926,0.326981,49.881481,16.983329
49376,248.0,11,0.709677,0.359795,43.322581,16.227462
49379,224.0,12,0.794643,0.305408,50.357143,16.074067
51392,144.0,18,0.861111,0.29889,15.888889,5.450135
51404,110.0,19,0.781818,0.267731,15.309091,4.830987
51405,100.0,15,0.8,0.194176,22.0,5.077686
51406,102.0,16,0.823529,0.031131,10.941176,1.309478
51407,118.0,18,0.830508,-0.056033,14.474576,0.244985
51408,108.0,18,0.777778,0.192829,19.851852,4.635175
51412,120.0,15,0.766667,0.374085,17.4,7.134993
51421,106.0,14,0.867925,0.582868,30.301887,18.079136
53557,106.0,19,0.716981,0.258754,8.716981,2.996797
53625,100.0,14,0.76,0.265059,12.24,3.979258
53661,104.0,16,0.596154,0.351455,14.461538,5.731131
53669,100.0,22,0.54,0.572848,7.44,4.68914
53741,106.0,18,0.54717,0.634926,8.792453,5.947633
53753,102.0,20,0.803922,0.264126,9.843137,3.335706
53769,102.0,18,0.686275,0.45318,9.843137,5.007535
53845,338.0,11,0.881657,0.375281,169.017751,64.053899
53850,103.0,12,0.883495,0.742188,55.796117,41.669006
53867,234.0,12,0.961538,0.855958,188.871795,161.810352
53882,268.0,11,0.958955,0.919301,170.432836,156.759764
53897,234.0,13,0.952991,0.904998,188.974359,171.116499
53912,108.0,11,0.925926,0.699272,71.0,49.94905
53928,240.0,11,0.945833,0.819293,184.391667,151.25154
53983,136.0,22,0.470588,0.233373,14.617647,4.177994
53987,141.0,25,0.574468,0.46793,14.64539,7.385089
53991,147.0,22,0.544218,0.295566,11.761905,4.180856
53995,143.0,22,0.48951,0.049616,15.083916,1.698788
53999,135.0,22,0.540741,0.388461,11.325926,5.011224
54003,125.0,21,0.544,0.2276,13.624,3.873222
54007,132.0,19,0.340909,0.192834,15.166667,3.731813
54011,131.0,22,0.366412,0.179868,12.954198,3.150178
54015,140.0,24,0.621429,0.14293,14.257143,2.894839
54019,134.0,23,0.41791,0.305051,15.134328,5.311691
54023,127.0,19,0.559055,0.108058,15.96063,2.616615
54027,138.0,19,0.485507,0.244837,15.275362,4.495135
54031,142.0,21,0.514085,0.49714,14.366197,7.644878
54035,119.0,19,0.579832,0.202374,15.117647,3.857048
54039,120.0,20,0.566667,0.237634,15.716667,4.497182
54043,110.0,18,0.672727,0.161171,18.418182,3.807304
54047,112.0,18,0.598214,0.252508,12.892857,4.003043
54051,114.0,19,0.45614,0.428986,14.473684,6.780023
54055,117.0,17,0.675214,0.115198,16.521368,2.788036
54059,126.0,18,0.309524,0.159426,13.857143,3.049768
54063,125.0,20,0.528,0.177422,13.896,3.288039
54067,115.0,18,0.521739,0.369312,15.365217,6.305246
54071,125.0,19,0.456,0.365847,15.208,6.197961
54075,116.0,19,0.525862,0.241378,16.396552,4.716382
54079,105.0,18,0.609524,0.119332,13.438095,2.484257
54083,107.0,16,0.570093,0.315637,16.271028,5.820098
54087,111.0,17,0.630631,0.265743,15.828829,4.940661
54091,105.0,18,0.638095,0.18249,14.371429,3.440155
54095,127.0,18,0.732283,0.169301,15.629921,3.476859
54099,110.0,20,0.672727,0.117296,13.054545,2.413952
54262,225.0,10,0.057778,0.982663,196.155556,192.772231
57680,105.0,10,0.714286,0.593658,12.257143,7.682898
57686,120.0,10,0.65,0.289351,16.65,5.528344
57692,132.0,12,0.613636,0.164772,17.454545,3.711252
57695,114.0,12,0.526316,0.233782,15.157895,4.309863
57698,111.0,11,0.675676,0.269049,13.540541,4.374024
57704,114.0,12,0.736842,0.442236,11.368421,5.585291
57710,135.0,10,0.577778,0.299922,20.733333,6.918464
57713,102.0,11,0.617647,0.113716,13.058824,2.371285
57716,105.0,10,0.714286,0.547579,12.942857,7.539656
57719,126.0,10,0.738095,0.209564,16.714286,4.293147
59674,225.0,12,0.306667,0.04287,26.28,2.08376
59714,216.0,12,0.541667,0.136024,25.0,4.264575
61089,170.0,23,0.752941,-0.052159,21.094118,-0.048094
61090,138.0,23,0.550725,0.183724,15.927536,3.742551
61091,161.0,22,0.881988,0.08111,17.819876,2.364256
61092,134.0,24,0.246269,0.031437,12.880597,1.373486
61093,153.0,23,0.843137,0.075623,18.777778,2.344418
61094,138.0,23,0.289855,-0.050053,18.550725,0.12154
61095,163.0,25,0.276074,-0.004583,15.785276,0.932245
61096,155.0,23,0.658065,0.058859,17.632258,1.978958
61097,153.0,24,0.797386,0.155018,19.418301,3.855172
61098,140.0,24,0.6,0.092417,18.528571,2.619934
61099,145.0,23,0.648276,0.028795,17.0,1.460718
61100,150.0,24,0.56,0.059623,16.266667,1.910239
61101,146.0,22,0.383562,0.018855,18.575342,1.331384
61102,126.0,24,0.52381,0.047946,16.571429,1.746581
61103,138.0,22,0.442029,0.147109,17.275362,3.39425
61104,142.0,23,0.450704,0.037672,20.295775,1.726913
61105,140.0,21,0.285714,0.049017,20.314286,1.946722
61106,154.0,25,0.512987,0.095204,18.285714,2.645671
61107,135.0,24,0.555556,0.267626,16.644444,5.186865
61108,140.0,22,0.607143,0.122766,16.228571,2.869545
61109,156.0,24,0.589744,0.105274,16.538462,2.635802
61110,159.0,23,0.415094,-0.000219,19.591195,0.995924
61111,145.0,24,0.42069,0.147671,15.151724,3.089804
61112,141.0,22,0.368794,0.003622,16.858156,1.057431
61113,158.0,22,0.594937,0.053738,19.063291,1.970693
61114,136.0,23,0.470588,0.192619,14.029412,3.50971
61115,132.0,22,0.318182,0.022056,16.363636,1.338855
61116,147.0,24,0.170068,-0.098263,15.721088,-0.446542
61117,163.0,23,0.417178,0.000156,18.840491,1.002779
61118,132.0,20,0.606061,0.097804,18.30303,2.692305
74452,128.0,10,0.3125,0.014648,23.9375,1.335982
74467,128.0,11,0.328125,0.296233,20.3125,6.721007
74472,134.0,10,0.373134,0.058308,22.298507,2.241881
74517,130.0,10,0.384615,0.03708,20.215385,1.712511
74532,110.0,10,0.327273,0.093185,18.581818,2.638354
84624,305.0,10,0.97377,0.937781,240.462295,225.563078
84628,210.0,10,0.704762,0.132756,104.095238,14.686509
84890,323.0,25,0.811146,0.903837,148.436533,134.258636
84891,106.0,29,0.688679,0.403416,22.792453,9.791426
84892,273.0,25,0.908425,0.813395,167.168498,136.160652
84894,100.0,23,0.41,0.63957,22.92,15.019385
84897,102.0,22,0.833333,0.537921,22.27451,12.44401
84901,135.0,23,0.896296,0.561261,61.459259,34.933414
84902,107.0,26,0.71028,0.52569,20.757009,11.386067
84904,118.0,25,0.822034,0.410715,32.898305,14.101113
85097,229.0,10,0.790393,0.205869,145.427948,30.73328
85106,131.0,10,0.755725,0.930801,64.206107,59.832281
85680,155.0,10,0.793548,0.566915,68.651613,39.352698
85684,141.0,10,0.35461,0.963145,64.106383,61.780584
85799,100.0,15,0.23,0.949745,57.06,54.242677
85805,104.0,16,0.913462,0.769058,53.461538,41.345987
85818,106.0,17,0.924528,0.648212,62.509434,40.871181
85833,108.0,17,0.851852,0.58219,58.537037,34.497486
85843,138.0,16,0.42029,0.264204,89.797101,24.460522
85848,105.0,15,0.52381,-0.098679,64.428571,-5.259077
85849,110.0,16,0.245455,0.937617,53.545455,50.267533
85859,193.0,17,0.932642,0.567358,125.455959,71.611117
85874,102.0,13,0.205882,0.777848,60.333333,47.152332
85883,102.0,15,0.627451,0.075801,57.392157,5.274591
86101,153.0,10,0.614379,0.15723,68.320261,11.584753
86104,160.0,11,0.85625,0.587106,68.8375,40.827781
86124,123.0,10,0.577236,0.26546,72.219512,19.905943
89661,118.0,24,0.322034,0.714958,27.186441,19.722208
89662,102.0,25,0.313725,0.764069,24.352941,18.843263
89665,106.0,23,0.773585,0.486759,20.754717,10.615795
89668,320.0,24,0.7875,0.86208,151.05,130.35509
89704,317.0,23,0.264984,0.918659,150.451104,138.294595
89709,103.0,23,0.796117,0.355971,22.92233,8.803722
89711,113.0,17,0.80531,0.514711,33.300885,17.625635
89713,100.0,24,0.8,0.482547,23.86,12.031031
89714,267.0,24,0.947566,0.77891,170.670412,133.15805
89717,108.0,27,0.953704,0.184488,22.203704,4.911821
89722,267.0,22,0.955056,0.842996,171.164794,144.448252
89725,322.0,26,0.798137,0.911104,149.813665,136.584677
89732,101.0,22,0.376238,0.643409,22.80198,15.027589
89733,143.0,21,0.51049,0.012934,59.923077,1.762114
89740,110.0,21,0.790909,0.209746,29.8,7.040678
89741,170.0,31,0.852941,0.611998,52.952941,32.795095
89743,100.0,25,0.81,0.433508,22.62,10.372435
89748,136.0,22,0.573529,0.087242,56.25,5.820146
89753,140.0,23,0.871429,0.718053,56.0,40.492927
89756,113.0,24,0.707965,0.427956,28.079646,12.588904
89758,105.0,23,0.390476,0.71545,20.67619,15.077326
89760,304.0,23,0.786184,0.938336,157.032895,147.411303
90187,233.0,13,0.974249,0.96833,198.527897,192.272203
90206,230.0,16,0.056522,1.0,201.043478,201.043478
90237,232.0,12,0.047414,1.0,199.37931,199.37931
93147,123.0,11,0.487805,0.721316,48.691057,35.400327
93149,245.0,11,0.779592,0.29461,216.053061,64.356748
93150,326.0,10,0.760736,0.367473,233.601227,86.474687
93153,128.0,12,0.351562,0.458979,48.890625,22.980774
93156,352.0,11,0.832386,0.384542,162.284091,63.020584
93158,188.0,11,0.978723,0.800092,104.87234,84.107439
93160,144.0,13,0.763889,0.713151,65.263889,46.829871
93161,207.0,12,0.937198,0.964421,148.864734,143.603875
93163,197.0,12,0.812183,0.694945,102.269036,71.376446
93164,161.0,13,0.515528,-0.00651,69.571429,0.553568
93167,180.0,13,0.427778,0.425917,109.711111,47.30186
93169,130.0,11,0.615385,0.327306,66.384615,22.400766
93174,120.0,10,0.375,0.461255,49.766667,23.493891
93175,162.0,12,0.864198,0.959561,108.691358,104.336382
93176,294.0,10,0.680272,0.196082,254.027211,50.614028
93178,183.0,11,0.715847,0.445133,79.622951,35.997659
93179,133.0,10,0.93985,0.740773,64.969925,48.38719
93191,258.0,11,0.965116,0.774944,112.728682,87.583493
93192,161.0,10,0.968944,1.0,74.689441,74.689441
93194,266.0,11,0.710526,-0.018507,143.781955,-1.642534
93195,100.0,11,0.45,0.929534,35.94,33.477931
93201,108.0,10,0.972222,1.0,44.759259,44.759259
93203,178.0,12,0.977528,0.631165,106.370787,67.506358
93206,203.0,10,0.768473,-0.013276,156.960591,-1.070567
93207,176.0,11,0.710227,0.104639,107.568182,12.151194
93209,162.0,10,0.95679,0.71533,69.246914,49.819092
93212,182.0,13,0.769231,0.471264,78.78022,37.654996
93214,153.0,13,0.954248,0.855081,119.326797,102.179047
93217,173.0,12,0.953757,0.823979,72.82659,60.183581
93225,177.0,10,0.977401,1.0,107.011299,107.011299
93226,116.0,10,0.956897,0.931037,74.431034,69.367042
93227,162.0,10,0.697531,0.163101,118.851852,20.221738
93230,138.0,12,0.963768,0.674571,63.492754,43.155788
93232,129.0,10,0.976744,1.0,71.0,71.0
93233,154.0,10,0.961039,0.790907,118.753247,94.131917
93236,185.0,13,0.767568,0.495848,75.886486,38.132288
93238,159.0,10,0.522013,0.035073,70.509434,3.437924
93241,145.0,11,0.97931,0.664576,68.655172,45.962
93245,152.0,10,0.802632,0.547506,70.026316,38.79234
93391,102.0,10,0.558824,0.256727,24.352941,6.995323
93393,108.0,10,0.5,0.153116,28.666667,5.236208
93398,105.0,10,0.542857,0.264592,19.114286,5.792892
93423,144.0,11,0.416667,0.240926,33.333333,8.78994
93441,168.0,11,0.5,0.358561,33.333333,12.593479
93470,124.0,10,0.451613,0.12589,33.419355,5.081264
97735,103.0,27,0.543689,0.042939,7.601942,1.283483
97816,105.0,21,0.847619,-0.040327,8.733333,0.688141
97872,101.0,16,0.851485,0.109682,8.227723,1.79275
97876,100.0,19,0.84,0.143382,8.28,2.043824
107667,133.0,18,0.548872,0.061642,16.097744,1.930654
107674,144.0,20,0.715278,0.060867,21.611111,2.254528
107681,136.0,20,0.625,0.010568,16.676471,1.16567
107689,110.0,20,0.781818,0.157236,11.145455,2.595231
107696,130.0,23,0.515385,-0.017013,14.8,0.765219
107703,125.0,19,0.656,0.19424,15.864,3.88719
107710,141.0,19,0.602837,0.034344,20.347518,1.664476
107717,125.0,20,0.584,0.066933,12.968,1.801055
107724,128.0,22,0.5625,0.334737,14.328125,5.461417
107731,132.0,16,0.871212,0.152779,17.909091,3.583346
107738,134.0,17,0.746269,0.046226,17.164179,1.747201
107745,138.0,19,0.507246,0.073768,17.028986,2.182424
107753,144.0,16,0.645833,0.061599,18.666667,2.088257
107760,145.0,16,0.689655,0.015154,20.682759,1.298265
107767,136.0,18,0.639706,0.141184,17.808824,3.373143
107774,118.0,16,0.601695,0.054281,14.338983,1.724052
107781,147.0,22,0.666667,0.160567,20.768707,4.174195
107788,115.0,22,0.669565,-0.011672,12.913043,0.860956
107795,123.0,19,0.617886,0.050221,14.219512,1.663892
107802,129.0,15,0.658915,0.01864,19.170543,1.338699
107809,132.0,20,0.530303,-0.072265,17.287879,-0.177045
107816,147.0,19,0.578231,0.034926,20.782313,1.690916
107823,131.0,18,0.59542,0.001447,15.992366,1.021689
107830,142.0,17,0.619718,-0.05129,18.647887,0.094844
107837,115.0,18,0.408696,0.014826,12.2,1.166048
107844,148.0,21,0.608108,-0.00717,19.918919,0.864358
107851,141.0,22,0.659574,-0.013511,16.900709,0.785165
107858,143.0,19,0.699301,0.105551,17.951049,2.789196
107865,143.0,19,0.573427,0.055769,17.293706,1.908677
107872,147.0,20,0.557823,0.111277,20.278912,3.1453
108268,104.0,15,0.490385,0.025748,14.692308,1.352556
108900,110.0,20,0.563636,0.362015,7.345455,3.29715
108906,106.0,22,0.528302,0.286181,7.150943,2.760285
108918,121.0,21,0.545455,0.150836,9.099174,2.221649
108936,103.0,21,0.485437,0.084411,8.262136,1.613006
108939,102.0,22,0.627451,0.029503,8.45098,1.21983
108945,106.0,21,0.556604,0.349231,8.150943,3.49733
108948,103.0,19,0.660194,0.252858,8.339806,2.855926
108957,116.0,22,0.5,0.227346,9.517241,2.936358
108966,111.0,22,0.648649,0.362035,8.72973,3.798434
108975,102.0,21,0.578431,0.305479,7.529412,2.994599
108978,102.0,22,0.54902,0.181273,7.901961,2.251136
108990,101.0,20,0.673267,0.21515,6.940594,2.278122
108993,100.0,24,0.47,0.280337,8.5,3.102528
108996,110.0,25,0.472727,0.184785,7.345455,2.172544
108999,111.0,19,0.54955,0.328305,8.711712,3.53179
109005,103.0,21,0.553398,0.188063,7.466019,2.216022
109011,102.0,20,0.578431,0.182015,7.54902,2.192023
