QuestionId,N,k,disc,naive_se,cluster_se,DEFF_disc
23650,1006,149,0.45000890748813416,0.026531472749444764,0.0297383498460782,1.2563510765525732
8966,225,22,0.31998816053814216,0.05531432454091753,0.08829856804972702,2.5481916854604783
25338,965,112,0.4027149644980529,0.027288089923808104,0.042180202861560365,2.389302035614738
12806,1192,157,0.49410106359105843,0.022203796139099893,0.026358951544415057,1.409294642493977
2858,275,24,0.2730704995960153,0.05345263511239613,0.060850789808374245,1.2959677642443004
25821,1972,287,0.38044663193269207,0.019595580046416004,0.025998234224833494,1.760238263069953
2708,238,34,0.2786272230633809,0.060428415640899596,0.05958425466391386,0.9722559437895918
3136,1747,196,0.4666505657464949,0.019474571017383112,0.023203102269966733,1.4195683523730527
23931,462,63,0.5242018328527747,0.03828614642694653,0.043635747157598034,1.2989771790003957
26379,242,41,0.34798642379850836,0.06029434899036267,0.06594721171993853,1.196298767938481
10512,248,37,0.3432425583784302,0.05560537031342743,0.05374355258165933,0.9341556981806705
24576,1188,155,0.43903989680698025,0.02313155373688906,0.0322780032532611,1.947169291696723
4605,1004,96,0.37460664189045345,0.027039664478330488,0.04221349105849354,2.4372492359931113
16773,536,76,0.4847997041283911,0.0351370667837997,0.04832356026299816,1.8914150445020714
25950,1023,90,0.4071072391945627,0.027088410597510933,0.03022090779111868,1.244652065306432
15348,2924,353,0.40242147765358366,0.014335551640534828,0.019667131777454487,1.8821456852670697
15330,1239,165,0.39926053560858343,0.023593935449509464,0.030654863884011355,1.688099379988159
8969,682,53,0.34420414631059,0.03884278036551749,0.05232016039973808,1.814335153217452
4563,225,23,0.4909210939711052,0.049718604908988814,0.06169185309148593,1.5396349586294484
26317,1102,145,0.4472116605722414,0.024201795553140955,0.04207709771268829,3.0227092656209478
11369,833,90,0.38500706868465623,0.034600069136952356,0.053001994605120825,2.346553681669109
14164,209,21,0.3405646272488735,0.06781493126913472,0.09424683350467981,1.9314473925494378
14040,924,90,0.34400275716420686,0.02912586306865197,0.039990529332610526,1.885196820260645
11095,234,21,0.37171181347928345,0.05858862305625018,0.06211681183092139,1.124065793115673
5445,1448,155,0.3026151302574338,0.021923677732053462,0.0300686035949917,1.8810472307430812
11536,2130,211,0.39332024991845704,0.018697944459314084,0.026406128459041313,1.9944434757686398
10052,452,44,0.3991591076026595,0.040087532236261325,0.04186892699445911,1.0908499542616392
18116,451,44,0.42130293564954846,0.045379735505180874,0.04656074668919754,1.0527274619453988
3151,1162,128,0.3469517255462044,0.025569035303156535,0.03144019799885763,1.5119654222474816
26846,207,28,0.2317296417163723,0.08387683415459916,0.07623114676028868,0.8260015186434149
5811,1026,155,0.46621441024155785,0.02356688087580346,0.02615728462363404,1.2319160202939288
6333,724,79,0.497506696920127,0.033231068091302905,0.03608738951220119,1.1792946649368914
13486,1227,155,0.4336043757534444,0.020064625275558516,0.023065709844806725,1.321513312407984
13145,1693,143,0.45001230210592985,0.02047271794546847,0.020387220574153014,0.9916651178277077
27054,2114,208,0.33612262002111626,0.02059566317591095,0.023768761179381353,1.3318690675960851
20253,1156,235,0.3135437990078036,0.02604817660708018,0.03076709372663178,1.395141616018059
21211,733,102,0.5033800084712627,0.027454421852384083,0.03661184077559628,1.7783552638813946
14475,561,80,0.4680662691050894,0.032295451470389806,0.039721863022368235,1.512782523691288
3248,1077,176,0.30051657649225266,0.027396232076219076,0.031383736948453166,1.312283405367749
16517,441,49,0.4750379697790418,0.04176357575481466,0.05381322881185433,1.6602854058650036
22028,435,64,0.3829086149476486,0.042981072090012624,0.04861332178073893,1.2792520081100436
22733,241,35,0.43985818101266827,0.055065204278304296,0.07221599499557783,1.7199360099954488
3293,954,86,0.31035435374828396,0.03019273765272832,0.029431244208666465,0.9501939433733403
7616,256,30,0.3977271559842786,0.04919833606455362,0.05582503653046424,1.2875295413119863
7320,409,42,0.3627605695601902,0.04017912364420951,0.06081741680782599,2.2911578941361928
22532,497,53,0.42310695227538925,0.035850450146369034,0.036440294571648754,1.0331765293368456
8362,1602,209,0.4487815312971609,0.020364533087706863,0.019820079778614563,0.9472440417185412
15470,427,78,0.47381260087464244,0.03664514882421079,0.042243713380852616,1.328896614560786
23295,480,71,0.4944993804253251,0.03563885103377937,0.03421403634733095,0.9216398322816419
6286,892,94,0.47462905779071335,0.024732611607860968,0.031813257280417104,1.6545363779768834
18770,544,63,0.26381142139697394,0.038885193442638424,0.041807210299533736,1.155936162501747
24224,1054,136,0.40442894983042144,0.024803683942172406,0.027724568163903965,1.2493876339717334
11900,934,124,0.3987813149052466,0.027084355123819997,0.03083928744203277,1.2964974613482787
12268,551,54,0.43202524514257246,0.03377281636255709,0.04099774907544516,1.4736198703350167
106,402,33,0.33414983376867957,0.0458971167726163,0.05778402053917782,1.585056340933399
6272,1429,95,0.2277817502536711,0.02487905142367916,0.027057617208477703,1.1828003960558586
8829,1416,141,0.34756679601533463,0.024383658169254047,0.031448625949286976,1.6634342038557988
12477,795,124,0.3586643155675299,0.029308361409993898,0.03462938985984349,1.3960680973963697
24508,597,69,0.24986287272127458,0.036707377619386236,0.04889201642603212,1.7740635743018052
24082,497,42,0.5339910903721696,0.03232524399620326,0.052506449888094324,2.63840637333762
22415,1147,130,0.5041704498513765,0.02393752352046573,0.02681985909408251,1.2553202874121003
10222,731,93,0.4983701532776872,0.02840388864432365,0.027481252023992715,0.9360896149816834
3654,611,46,0.33483220884096443,0.03858838821582131,0.0434137189999525,1.2657289214410552
11861,793,115,0.4139604568494533,0.028024519585846,0.03762282728186068,1.80229760208909
13290,279,41,0.32221242666911903,0.05708801584833662,0.0556346462545347,0.9497313283849407
22699,3104,297,0.36011799065342337,0.016379732737551597,0.02997950618564623,3.3499268787256775
11898,510,80,0.49665238058456546,0.036878843512290864,0.039139159312230914,1.1263371248988352
18224,1060,111,0.42607460505482314,0.024440846310430784,0.02552782617992794,1.090925737590693
10584,806,120,0.38631667160852023,0.031833818961870985,0.060154328834401374,3.570724035197505
9504,447,83,0.25253422598856595,0.0410651736733248,0.07156491634654895,3.0370574561793444
12824,1318,151,0.4210492571551796,0.02200835576301786,0.025192007307287545,1.310238485187813
22617,332,36,0.1747442650567815,0.05326261504966791,0.05086477246025325,0.9119882469690191
7163,1121,152,0.45674188204611915,0.02246279044859332,0.027685544393174524,1.5190732774256857
1846,1741,186,0.4157711395233285,0.02253336041243081,0.026959671075732883,1.4314535245917261
26977,601,77,0.43561615265367715,0.036647953319236364,0.04592392493574825,1.570285229577419
2218,622,73,0.34667246744700425,0.03614177680421532,0.040681013766544795,1.2669647583332475
24159,510,47,0.24649967831641018,0.04044055816633761,0.04089899079524836,1.0228004279483558
21127,2159,256,0.36694402343072824,0.018957401571373274,0.028944410799860175,2.331158522402805
3304,1420,167,0.37175250877031624,0.025398993018709345,0.04170079902728859,2.695601911699583
16584,652,94,0.40491617184392614,0.033493826930624984,0.04122405595199139,1.5148578926607137
6164,255,26,0.4109782332534258,0.05175259262924483,0.055496693378773505,1.1499262621163093
21030,460,66,0.6043934908517907,0.030901631956167373,0.03664340579317037,1.4061408743029429
24828,420,57,0.2566492897756231,0.04627309962776093,0.06678181147575124,2.082855812836212
22899,288,30,0.40903424718914305,0.04926826576072134,0.041178633313752426,0.6985689954180605
8276,1753,172,0.5280699635726552,0.017715343511203713,0.020039789257208566,1.2796380466522999
12956,1895,240,0.3687573919761234,0.020240981428566184,0.021874864762078144,1.1679590621286977
14204,766,117,0.3997177552869439,0.025778928294016235,0.03493666026862465,1.8366781374331742
21751,711,95,0.3535205670790582,0.031929390826056746,0.03984638067690905,1.5573868158555308
9893,1490,142,0.3790352406331151,0.022264171584376706,0.0298873110694683,1.8020241497720195
26922,577,36,0.37812742209586214,0.04515250248651739,0.06219330934614338,1.8972461605057098
22731,445,66,0.4086996598254016,0.0430031108441689,0.0462850296869079,1.1584608090192465
6743,870,104,0.3719207679018204,0.03194059875117603,0.03625388774930205,1.2883179723343288
9891,1260,150,0.4961157889855921,0.02157419475834512,0.022955374132058393,1.1321385037110436
18264,491,65,0.317216780796504,0.04083468846632212,0.0395001591098075,0.9357055312181773
3559,277,26,0.18522704684127772,0.06410651780032055,0.06380031987693287,0.9904700279141979
13228,436,85,0.4304268164956996,0.03856206769951486,0.043714678383546854,1.2850911999325898
16935,1151,171,0.2916539280907431,0.028839277818946078,0.04770690978288367,2.7364896540298655
3514,1068,114,0.40397148651459436,0.024922196477388907,0.04116557494830746,2.7283227218517356
23210,300,30,0.29985483046292716,0.06018840745059266,0.056675257503731244,0.8866685398946156
11483,1032,106,0.48877429932503363,0.0252752692528249,0.02632142859419481,1.08449444619454
26248,565,60,0.40315649643762236,0.0349562809336119,0.04963978618375402,2.016551707000657
7167,835,93,0.328690447048014,0.03506650584067387,0.03894529854993522,1.2334600511688378
16735,646,51,0.2778220694875943,0.03778264141874746,0.04584649317759911,1.4724061087504787
26905,984,103,0.38974420243047353,0.025835208173402142,0.03325960751170966,1.6573350274035
12271,298,32,0.35281052506801236,0.0580949727321577,0.05695238923863218,0.9610517897222703
5101,216,29,0.3215351976507046,0.05782697852830711,0.08075058312949655,1.94998078822778
26581,497,69,0.44915336035671233,0.033621265701322386,0.03792333212091878,1.2722863312078363
10989,207,23,0.19680667559692855,0.07242218384097028,0.0786356429893248,1.1789507186279533
19066,1182,121,0.4054370140061066,0.028350437958663943,0.03045536783378558,1.1540062311200618
10465,829,109,0.4951301117988497,0.025007593007390146,0.03126403161888603,1.5629539310705263
5688,215,39,0.17929210659318573,0.08167335152341171,0.0757896924678956,0.8611117882869794
9882,205,21,0.19335347699415217,0.07385686876529532,0.06578198114949975,0.7932902474134558
2397,815,108,0.40287867215053685,0.03071040204096966,0.042173819691568054,1.8858835395559999
21272,911,106,0.3340808610899255,0.03196229537969753,0.03881097075630757,1.4744603210519196
17689,316,31,0.2969385797203284,0.05557182276064996,0.058507790560744864,1.1084551164032148
19191,1222,275,0.25167784834206,0.03068219331584165,0.07928210393223474,6.676940858023517
11464,537,55,0.4939261592100602,0.03551873000027098,0.03406078979477613,0.9195906998782181
24073,511,75,0.37685739329999546,0.04283024966812474,0.037823360232246694,0.7798642388768027
2238,509,73,0.5541899506151893,0.03561224205426428,0.03992392649495051,1.2568048890729657
3735,1825,183,0.28320705222246817,0.021666921548542255,0.02741560166635792,1.6010361614983841
16366,568,87,0.2956315173201586,0.048199850022846644,0.05475459906516282,1.2904757047030126
25106,1544,181,0.47377716803529724,0.020336604136201187,0.024508469196444758,1.4523640892698897
671,1312,180,0.2015943593713955,0.025616420399004025,0.04653071366201446,3.299457534353155
10790,684,123,0.3472308014909127,0.036555437721579744,0.039392722923362496,1.161256146033054
12343,495,57,0.3917853965997122,0.03977784761806706,0.03440681297427808,0.748180412466029
21673,488,83,0.5260078813814693,0.032999693703561234,0.038457702102556855,1.3581472053210655
26904,1063,134,0.4714894168149051,0.025297005675358582,0.02873806224934726,1.2905556187509157
18769,1667,191,0.4700254345938291,0.018822024304725255,0.025325184632549614,1.8103918287256275
2062,461,74,0.4626023698498312,0.03764836626106437,0.054704511390374674,2.111319782598148
9844,667,91,0.4525699965544812,0.03126978255656356,0.03482694469489736,1.2404550457070405
3635,1143,166,0.35475497103639975,0.025648197412540954,0.030154939563375366,1.3823029322059868
15587,266,42,0.38402951327523394,0.062883581365618,0.0765011595582065,1.4799992670866862
95,3238,275,0.4025399407324242,0.01537531766197421,0.021643407172726295,1.9815410105303919
12805,348,36,0.3880908595303721,0.045746560242418695,0.05549765779401161,1.471744497290636
9595,1458,143,0.3885550685087327,0.024023896025535844,0.02366700162103101,0.9705090775766144
12501,241,23,0.42303027407486005,0.05910776099996532,0.07099471256511118,1.4426566872839757
11771,635,87,0.4454835902551066,0.037078161482158735,0.03773821730689347,1.0359203838329272
6022,363,34,0.3496386996523358,0.04476079350821276,0.052652568344315615,1.3837051810252372
3288,856,176,0.3730874213008345,0.03548493332561864,0.06066287345971845,2.9225232097274785
7387,1844,310,0.3883657869719163,0.017447824477358664,0.024596229836411965,1.987259207679357
5425,1238,142,0.30256675822535256,0.031674441641553974,0.03651434129073949,1.328951113127765
24770,1852,212,0.44474963860795874,0.019269396561116217,0.02078158532024744,1.1631108849436929
12185,242,22,0.26224193625063824,0.06794257102738159,0.05848248275597057,0.740913740079966
11929,241,29,0.4839195167428596,0.04874888370566633,0.039111240783767924,0.6436856648007969
11572,566,56,0.4654355602404126,0.0341676501041035,0.042221691662161144,1.5270070341721733
14020,2164,156,0.3033961398756342,0.020259294676967375,0.04175816750582248,4.248486291607235
1727,487,62,0.4739158740546128,0.03960759438836533,0.05664069543753446,2.0450325378870025
25091,291,31,0.3831940658833181,0.051806277076534096,0.0545087256451095,1.1070501361982594
12379,316,39,0.4472787618720593,0.05208660630115429,0.06305179157965193,1.4653546228322223
21217,625,72,0.3431099066912321,0.03501694113757007,0.03887286354231247,1.232357337817444
22422,1228,182,0.3037939431808755,0.02287533776040529,0.025892840367358335,1.2812219109794887
13104,448,49,0.367775696844254,0.04154359927894389,0.051305819286370916,1.5251937370260316
8749,571,63,0.36547864525443063,0.038909559169691674,0.04862767802111628,1.5619043843206488
16604,282,42,0.5019116006500273,0.05754023111724144,0.06254319918193402,1.1814544453568954
11164,544,55,0.48322495282425537,0.03394643410895982,0.0391325222835514,1.3288848829502538
16466,289,61,0.4285524136533865,0.05429821317387239,0.1175659367456048,4.688046824032035
11183,2088,362,0.4102686782011146,0.017704938836145268,0.02230245775950536,1.5867795305579138
25582,811,84,0.5334713291687743,0.029903444872935475,0.03096946972342822,1.0725686395385656
412,2069,283,0.36113149590103005,0.019892781256335076,0.020020811693812424,1.0129134724169955
7149,500,52,0.23190685584420645,0.043098830997664095,0.051072442912164444,1.404243046636555
11163,1278,139,0.5102913043836416,0.0213574261946909,0.023917791177240005,1.254135066324167
24933,592,76,0.3008397236793122,0.03908160860782013,0.03776845924611686,0.9339285983577474
21795,782,85,0.3733862134189384,0.03136820846325475,0.03557480671882969,1.2861915955910193
797,656,92,0.382044340132287,0.03357543569432494,0.03417679240848539,1.0361420208562062
25162,448,61,0.5265296573630808,0.03660049370341885,0.032966170804983284,0.8112657133243404
25435,536,75,0.387207164693463,0.03873451168023284,0.05802407031015723,2.2439863504576807
10715,315,22,0.39536569620827944,0.05158814082141211,0.06912582643133433,1.7954814382372823
19595,770,88,0.40504576062422065,0.02930185187765177,0.03731222643084786,1.6214822215356077
19719,1473,150,0.35886486170327897,0.023549186011938363,0.026701319947329827,1.2856230820678607
3059,1063,131,0.3877361031733503,0.025436361488212208,0.033801616032683814,1.765895303646078
7045,414,53,0.37653190052950347,0.04302455628212993,0.05936676504163801,1.9039431150250532
23789,538,77,0.3073162470006784,0.0398905107798004,0.044376077750225326,1.237538255567451
19747,787,175,0.4108696211882034,0.029977619536796927,0.025885424017433795,0.7456178215851432
17438,1341,163,0.38413324961456097,0.023994000676324498,0.030890644067554086,1.6574811319629958
17768,1056,130,0.49075059248675856,0.025328754938372583,0.026147267611925686,1.0656753969648678
4461,1308,152,0.34625355297480875,0.03112534038262325,0.033159094832245085,1.13495100705257
17736,1053,130,0.38310148578642766,0.027189061915019002,0.06234304535492055,5.257600446955814
17195,255,36,0.3649645960273601,0.053349836075096004,0.05013864206812873,0.8832404623964635
18992,1813,196,0.3445532735535114,0.02067783902096931,0.02323037204118004,1.2621240153798687
24480,461,66,0.4927696258890285,0.036858184717473846,0.053347718721988006,2.0949025284173586
1416,818,107,0.48967349489346773,0.028382274755997212,0.03473766784204365,1.497983109325168
26259,402,37,0.3884808337738043,0.039274343715534454,0.034248425474665854,0.7604371879227456
18287,387,72,0.4400451462974675,0.040930638661173545,0.052507115507496226,1.6456568402908323
25240,652,73,0.497514224411147,0.03081564714642452,0.03547478737035016,1.325247571039517
20419,512,76,0.3852697732524646,0.04056738346286483,0.045684422452673824,1.268184039872372
8617,317,45,0.349343860376535,0.05407369594385978,0.04533216525367782,0.7028146686475197
24470,296,47,0.4053649479694012,0.04981585471475277,0.059454148425557345,1.4243907797169348
1643,706,77,0.3116971739290105,0.03484986723104603,0.05106631232523877,2.147171521629161
14694,295,43,0.318626881614699,0.052188432734724594,0.06927910375281833,1.7622033063817373
15603,2308,224,0.4509309908777639,0.017320461548683972,0.0200835401941993,1.3445025124041703
20001,765,95,0.43002178876184544,0.03241116233155776,0.03868369637665184,1.4245139934001128
22212,231,32,0.46861500764307745,0.052182611923527196,0.06652426847878849,1.6252066424301066
3244,768,93,0.44104429290866654,0.030153886728944417,0.03589454211118228,1.4170012620437509
15095,796,103,0.4436743784716254,0.026709859270095494,0.02945175706527339,1.2158478171653928
11156,2136,256,0.42160164743744616,0.018686639746270044,0.026284646753953075,1.978526463560299
13264,200,20,0.3281982532380674,0.05033869234648083,0.05019334781719196,0.9942336722091505
1552,490,116,0.4157787748793994,0.03843651898251199,0.03851556457418854,1.0041172756178958
22516,504,55,0.28585579985960524,0.039406785094754926,0.03088118842638862,0.614109760025118
25912,474,60,0.4385332145401707,0.03739297993966409,0.03821848186167117,1.0446401422720542
15776,243,20,0.3046937152757832,0.057974041789587184,0.060977651481330185,1.106303353961881
19913,722,95,0.19160245799485434,0.037068983754844104,0.13312243643898974,12.896775950735687
18757,2140,225,0.35919744106904533,0.020111178754678972,0.034754702249349664,2.986428297223741
9565,830,120,0.4141129481631746,0.029309329282764245,0.03661684723975901,1.560810349806942
7656,1085,134,0.4209031267621156,0.025675848585308546,0.028337697767025383,1.2180903883296816
25532,606,151,0.31437686881821614,0.03832914633009302,0.06722122474034006,3.075774898136863
22889,621,97,0.432825271243878,0.0321285973620814,0.03849939440861012,1.4359002276641208
19496,265,41,0.427768708420019,0.050628333938161324,0.057195873619479566,1.2762687155488202
16165,442,52,0.23886310663029692,0.046855419419922016,0.08447268467471598,3.250221317362231
8696,1017,63,0.252906027683349,0.027317562942724777,0.026583552209943056,0.9469828649219153
8817,1767,168,0.3870500975247953,0.020781115767977247,0.024220973623148994,1.3584556673365384
27205,724,99,0.40042396457175344,0.030898393190989647,0.045931957145952815,2.2098261633740104
19269,1134,154,0.3752793569470992,0.02603427557568172,0.03156081009766493,1.4696207963743284
25987,1699,182,0.434689438678329,0.020808356123171546,0.025887900032713858,1.547811616864498
20842,2859,297,0.3121868368890507,0.01776527217802551,0.03865016659877109,4.733245266887661
6234,1833,255,0.34835947955335117,0.020526298074923448,0.02561160167930996,1.5568695165907709
2827,1366,158,0.44199351357062533,0.02032332482824236,0.02622893029127071,1.665603560939017
3156,316,32,0.3545631433494487,0.052836937452666606,0.06679268555109659,1.5980212025481144
4633,474,111,0.3934060548874823,0.04319063665283739,0.08003882992267387,3.434173641876245
15355,482,47,0.24937335559283016,0.05137685629075283,0.08870708688665117,2.981134575445576
24904,750,97,0.254028284735457,0.034119821493439714,0.03561850567985913,1.0897776327380817
9305,1269,146,0.48650530483733023,0.02246158151291048,0.02549964066252999,1.288805728686736
10015,965,115,0.4520693739219011,0.02646232980845277,0.024733487801995364,0.8736039116898626
18509,343,67,0.47367943498883763,0.04295146008369371,0.053010728680409715,1.5232517459780692
20139,233,29,0.10246259886240598,0.062214129833108096,0.06228600936422099,1.00231204887269
2879,1078,98,0.38533442638438387,0.026053871979518275,0.03629998415102944,1.9411912327125946
24466,963,118,0.37000678077836424,0.029275008662399248,0.03790066973348673,1.6760991436597026
24948,491,81,0.30015770833135147,0.04379865020642522,0.04435279752145682,1.0254643872032077
12412,744,88,0.2839604777776778,0.034279577638251776,0.04173006441494113,1.4819282790465573
17861,863,116,0.37079484083511427,0.02728649544353612,0.03420983403221243,1.571833040871599
19119,1508,243,0.4613368685009743,0.018494904333994703,0.021886754270697726,1.4004207771368522
23525,711,82,0.46034612092229465,0.029199815961023695,0.03919277322929622,1.8015725703943044
21674,363,31,0.24941359364600404,0.04839972542156217,0.06677809694546619,1.9036288626259665
4235,298,49,0.46300978492429884,0.04472423108580896,0.050160631342111725,1.2578829270840957
11169,1944,214,0.4687577849867321,0.01710598997303393,0.022204365281988468,1.6849239373729386
12680,665,89,0.37655006410370506,0.03129017048267741,0.043054283724232006,1.8932888539373953
6200,1755,248,0.4394050870754607,0.01984178620442978,0.02371825300537086,1.4289066692642443
25748,453,69,0.37843800173404435,0.04073560050039833,0.04798673254707716,1.3876952872341048
4107,983,136,0.3175688034876025,0.02945653588293718,0.03357259593866237,1.298992079495631
24668,533,62,0.5136911395556631,0.03158247113943987,0.0505406248363327,2.560878640016775
27389,244,39,0.4085155886236027,0.0511976568075414,0.07263768222377959,2.0129073526893886
1711,411,74,0.38579383049277216,0.04097231704559864,0.08269247019356986,4.07334205877935
12807,985,129,0.5459910774116824,0.023128240227143434,0.031219554770429946,1.822083314736794
27046,1245,145,0.4430026260954163,0.024203679096024878,0.029842945375219528,1.5202695450388992
5482,1793,175,0.34462633936020953,0.02047496468091987,0.02606284063729917,1.6203065009658837
7328,319,36,0.4544236240223548,0.04293815752010482,0.04508814420060382,1.102650581919918
24180,372,64,0.5126874490811516,0.0390251022298177,0.043219870102977766,1.2265318090416977
15289,720,81,0.3134748555863187,0.034635276789091826,0.03667541080364119,1.1212763158611736
25597,1166,171,0.31290904289896115,0.027118454279226444,0.04768072921739939,3.091405066295851
22952,206,23,0.4733638363294667,0.051407851783404436,0.058403768389330674,1.2906926231819809
500,257,32,0.26680398932321175,0.06328430948539682,0.057648945529736026,0.8298328909295893
4850,210,20,0.335534195344756,0.062282043717897216,0.07189323573020898,1.3324482506843325
25581,202,21,0.3747051220868763,0.06837551681289841,0.06851991325217477,1.0042280896816382
21630,1186,146,0.4769928580686677,0.022904619424479862,0.019974331117678344,0.7604984439415982
9592,1281,113,0.4683284453244434,0.02223968713553162,0.026215485434061474,1.3894997124635908
7114,2558,243,0.31202195326794885,0.017030091759037497,0.023938831419526546,1.9759316459999108
18885,202,25,0.1305646910499754,0.07473470278175837,0.09188494416510568,1.5116250775672289
15455,939,122,0.4644725176267056,0.026771581038583698,0.03194551934180402,1.4238750037009296
16856,1728,195,0.45550754371778074,0.017624690334711295,0.021851000202674695,1.5370912550124423
19229,1598,178,0.4078673024932509,0.02072303698495021,0.026579586018893916,1.6450898420289672
26092,270,40,0.1978785065047374,0.06216689612102606,0.0802934552489169,1.6681762186611258
9672,1117,111,0.32832542139930454,0.026760955948277276,0.044380221767468614,2.7502722690580437
14941,1748,177,0.3715135279158159,0.019914056416489176,0.02359580529552362,1.403945151701041
23520,252,20,0.5853941041426806,0.0447314587653611,0.06342931138187292,2.0107305209182145
11232,242,35,0.24936170157535562,0.07394416667899766,0.0903782402458253,1.4938944847135287
8569,448,37,0.23985242777526117,0.03881584976126898,0.04510963153572476,1.35058015162336
13966,581,56,0.3766857905607593,0.03597828262750365,0.039659637577824175,1.2151128795938189
12829,2992,294,0.35568590830336083,0.015975263225930285,0.017435493339164835,1.1911664013617922
26322,1210,165,0.3087073558410898,0.025942530016031695,0.03202733310657371,1.5241120536072301
19650,2083,206,0.4707941582851997,0.01877400093455476,0.023543858793081355,1.572684543222936
3877,1319,155,0.21245222932075766,0.025612857589073935,0.06965548198871713,7.395959663144266
2140,607,45,0.153325985614055,0.03872337797050847,0.04239683652119301,1.1987274059822433
19103,215,24,0.4084308973966094,0.05559707205150416,0.05156888357458934,0.8603429762283866
14448,1371,170,0.46243628598105124,0.02163107403451623,0.029831432123782465,1.9019190953525296
871,1200,148,0.44933545348128057,0.02392309148506103,0.025541406025190602,1.1398691499993814
10743,1534,203,0.36521571773477124,0.021947546288655053,0.021656404931656117,0.9736453168217488
5598,1208,151,0.39243091369323735,0.025994602822034585,0.02630860292306432,1.0243047816512074
368,441,43,0.307394478764959,0.04590099958065194,0.04676306341040407,1.0379145997426864
25252,1069,123,0.42376874034411144,0.025030924010973774,0.024837677897758967,0.9846190132936288
20563,515,64,0.34523921950253794,0.03746185363208452,0.052387108422282384,1.955556327869426
18472,278,25,0.4590440575432561,0.04375913293721836,0.04235746215447615,0.9369630118575047
12125,1075,186,0.3751222165898784,0.02720530977656999,0.035816033218778395,1.7331957583668527
14272,561,94,0.32019284742371956,0.038982388189840844,0.046240210489612174,1.407027938063366
2204,587,67,0.333114106268751,0.03467397062393367,0.04457535427221062,1.6526559563216596
26234,1140,132,0.5142886335851556,0.022961266746599304,0.029246565224873587,1.6224004203514133
939,1269,147,0.40383158802707253,0.0239726598835797,0.02890864101955292,1.4541958629398415
12168,1446,170,0.41187904020646665,0.023349962663178948,0.02912712893218664,1.5560479492339907
18113,1854,148,0.40198450158092397,0.01755940688853094,0.029272430105049693,2.779059661693611
23704,720,89,0.4722604714844537,0.03005754855047514,0.03311248978037077,1.2136027726412557
11508,503,70,0.34666445032881144,0.041547852253495436,0.046867354041305154,1.272458754270322
20471,538,74,0.34436523419969833,0.036725659540826606,0.0487904256303424,1.7649402434530979
10272,751,118,0.33499237061187503,0.03403680248640975,0.0526725863881271,2.394813949732317
19036,1647,193,0.08978859600329675,0.027699032740623606,0.0810308273834166,8.55798142537648
5455,538,58,0.3341443861303765,0.0431114064988716,0.045557686244209084,1.1167062193806057
10168,1053,117,0.3221628881886071,0.027414615821979595,0.03307237261811543,1.4553464013775572
1937,1197,136,0.2841516338519713,0.02590973073565588,0.0246653805220032,0.9062537996562289
7586,504,82,0.39549206612501664,0.03905022168665689,0.039971764545335256,1.04775473859855
6603,851,104,0.46325384984148915,0.028483036801939716,0.031209599332030206,1.2006151092479163
19219,1424,167,0.35191124396153944,0.02726159512449454,0.03164974784320534,1.3478388845705953
14821,1119,193,0.32491211613140164,0.029905210589506417,0.03482419208570925,1.3560271011633003
11794,504,51,0.5111119989224837,0.03889986513600013,0.03777337579692041,0.9429212155635236
10827,1093,133,0.4472980134440107,0.025374855971551157,0.03370536460906426,1.764374966622606
2562,562,95,0.3594479896602221,0.032042780534956926,0.034503069692154,1.159458157028634
25510,690,81,0.4274027527354931,0.04621652193009503,0.06291580777098522,1.8532117088261517
20703,790,104,0.24764968697449272,0.033685779074677326,0.06694042955648434,3.948969665992757
5878,699,122,0.38980151089932363,0.030548331574090523,0.040307301273557604,1.740974665235976
10446,529,56,0.28070594204227645,0.041058951136918584,0.047188981164011996,1.3208864940737939
425,701,87,0.36515324386704856,0.03326642443486519,0.04884858879163116,2.15621366948475
12326,309,28,0.26584597226598394,0.05260429463107119,0.062134416329055774,1.3951536610001944
26859,1323,212,0.4688116605376767,0.022290246066113743,0.02761013568064402,1.5342896526796541
19330,1148,114,0.3446742975007875,0.023862521256645616,0.023786250278905924,0.9936176830826506
19249,1171,152,0.4166391517122094,0.023573912317020742,0.026606157676190033,1.2737992632008808
26804,578,78,0.387084952785601,0.03634170740494635,0.036044262896346164,0.9836976692230891
10098,783,105,0.43079720472851113,0.029016329564521482,0.03701071570972936,1.6269343044617641
13138,391,40,0.32681892903360715,0.04740761291853328,0.048386364469571,1.0417171367116316
16737,862,112,0.4504444850234328,0.02809915229731986,0.028793645693444007,1.0500424975935012
10614,703,73,0.374312207242391,0.03187171544998228,0.05211148469678119,2.6733511914623485
22222,1494,169,0.39895327850783213,0.021780687299120888,0.030446507940229222,1.954032653812639
20671,299,33,0.42324261683118597,0.0454449699862253,0.07619837050432897,2.8113811351182383
11528,625,98,0.4720864915143357,0.030524492691671876,0.04739636608602072,2.4109776303130173
13984,285,36,0.36462763953028454,0.04941393505630569,0.056082190807935355,1.288104392274656
12428,1352,149,0.4460764647739163,0.02085526163746267,0.030214627216288002,2.0989553274314763
9298,914,115,0.5208330526550348,0.02503117212383899,0.02804589221712914,1.2553827249750091
21504,908,140,0.40131220847606724,0.027456942286765696,0.029933970332743823,1.1885687460326275
9291,1371,158,0.3872184925979497,0.02259241978907696,0.026452170297144917,1.3708726811876795
8341,2637,338,0.3162676315226341,0.018323598060622535,0.032202894661301794,3.088647239073619
20103,713,118,0.38718713466850185,0.02766253751333108,0.03348096638450129,1.4649133537230268
17136,1001,55,0.3431696346106483,0.026639114721065674,0.02155811833310742,0.6549107612119061
4547,848,101,0.413619793032909,0.02935126149817111,0.033535657984397484,1.3054496323216787
17371,1904,335,0.3237954107528993,0.019757878105261834,0.02684617542210385,1.846223369072512
15084,1698,170,0.3975414195979294,0.021595411211821364,0.023156370741959958,1.1497886892048337
18871,1218,122,0.40891478056190683,0.02419706378160458,0.02849785413598831,1.387071920135642
15820,903,188,0.4465968137361062,0.02713872537329476,0.03400108939794029,1.569664266626729
22096,380,59,0.44564885108100055,0.04293614077555804,0.04489598699146349,1.093374735826479
26594,1238,168,0.4136581542042736,0.02388872510097429,0.029490304456458918,1.523956486366223
22453,477,62,0.3408939546041787,0.04573701775303574,0.053957589404127405,1.3917761541600122
2009,319,47,0.3509845728939461,0.05221566343569508,0.0406171191627653,0.6050853434126114
15032,591,80,0.5086801884000864,0.032500974674368875,0.03442338701195788,1.1217973984787646
3748,475,48,0.269810032148652,0.04158919619522615,0.04980568238010193,1.4341571284276111
16217,1507,159,0.39996639283102947,0.01935307490415001,0.027739624900684476,2.054476667312427
22931,820,121,0.552575160425783,0.023102121100717223,0.032504938121509765,1.9796799065511623
19889,721,102,0.25748983729849073,0.03483466169418789,0.04125561815243979,1.4026296114712955
6936,638,82,0.4731563097119009,0.03304251289921941,0.04699691182459225,2.02298427150468
12375,550,79,0.3311495579098301,0.04173950847553254,0.05420849433241821,1.6867084800991825
23737,636,94,0.3742612927993888,0.03328954438765206,0.047551358905801824,2.0403757935705085
1082,1264,142,0.45875004659496316,0.021084638093393178,0.029965661455365174,2.019832869480842
1175,2061,173,0.4880853153109512,0.016651118874853817,0.026957052583188108,2.6209453710035246
19667,903,118,0.45714820355107133,0.028243396706811526,0.02761104002531043,0.9557222100339212
18276,501,75,0.355692924668781,0.0445568998960208,0.05293913310932424,1.4116392248006007
20102,298,46,0.3922847821909797,0.048869541619435276,0.045786097952271274,0.8777902145140318
1211,538,58,0.3984314696837059,0.03738458087792175,0.04877801058687975,1.7024059756957712
15273,679,94,0.43591042616773973,0.032957045375545904,0.03244606171778873,0.9692313209499653
20775,368,32,0.38043859983803746,0.04534660684891366,0.0467691297301194,1.0637240689102225
17384,1202,157,0.24830676463327211,0.028417636542977603,0.08070981248682481,8.066344495808098
3312,1704,191,0.4031897734313176,0.020646274025927294,0.02583827436849655,1.566187079107433
24293,620,70,0.2929839922452441,0.04403854023536214,0.05454655731420092,1.53415366294964
21144,310,22,0.250450569900294,0.04967861928170651,0.03804566458069574,0.5865044553019412
2523,669,74,0.4158534509313031,0.033082656595003486,0.03908483011948211,1.395775926290465
22988,772,89,0.32534485022760473,0.031418308595442215,0.03696035776415706,1.3839064409310065
21239,408,48,0.2893708519658853,0.044498770401638146,0.062017890773592745,1.9423968376810246
15533,465,98,0.35479494947359724,0.034859376295551005,0.03342672059731838,0.9194927677079252
26907,271,57,0.4967189109602708,0.04347449271440193,0.07978884071609851,3.3683348908822497
9055,555,77,0.40369170870913373,0.03371794132759746,0.038298097694829406,1.2901265240464879
12710,1483,170,0.46813256191350155,0.02036500639055233,0.023037690288410195,1.2797017666830817
10632,2171,229,0.4273757313029002,0.018085290883491298,0.021452178558566754,1.4069925883296241
25511,599,64,0.30122470091272824,0.03511796728076562,0.03724717805659025,1.1249365054757157
10269,613,69,0.4895354247323125,0.03468716263604814,0.03693052325926947,1.1335309145442798
11739,1240,144,0.3748451340279409,0.02666643806745119,0.031107923166345124,1.360855511923469
27556,961,116,0.42655306638588897,0.028267695716581533,0.037864039725735814,1.7942091976886374
13822,2561,234,0.4373760920052222,0.01654736489740895,0.02540765231114207,2.357606865704058
9887,3783,530,0.46851284455609343,0.011917032459597143,0.015570833510728507,1.707212089895631
4698,448,50,0.47422312042953113,0.0522606390118691,0.049039319094186205,0.8805204186481937
22705,1697,203,0.35795263918162273,0.021256105355431838,0.024735203912236305,1.3541401092214544
14930,440,56,0.5705871515171792,0.035687259504092635,0.04515688306124175,1.601111278287349
9194,343,49,0.40508294943687245,0.049142505419976716,0.05341355266153389,1.1813765372487717
12623,474,45,0.28915109396983546,0.04058636820010776,0.05314567871608882,1.7146501962909306
15349,2533,250,0.3402788793914881,0.018922370507341895,0.025335159957095853,1.7926529389726422
1849,877,113,0.4847223561055347,0.02588728318927301,0.029142014102758372,1.2672613185313029
27560,1444,113,0.3058062556072397,0.023257484879781385,0.03609121436886943,2.408116512333195
12833,1330,176,0.3770331582357335,0.022977347503074688,0.03177606400779718,1.9124954842525546
7348,596,63,0.36816634154927846,0.03735146303836426,0.04941829978902245,1.750492942391587
22577,208,27,0.5032154055619812,0.049604839820546004,0.053981221323102235,1.1842334097202678
10432,208,20,0.368824594314354,0.05785954324667064,0.08196089899224006,2.006612091092689
26226,1468,124,0.41695066920981555,0.020958628052248192,0.024937274244346986,1.415703357346883
14500,482,63,0.4299584845347282,0.03869588860278635,0.03548087987738937,0.8407349739589159
8210,790,112,0.3256687412413335,0.029832741393583155,0.04707839969923414,2.490330896276021
27570,436,70,0.40397183054656616,0.04010456472619753,0.04811741944222281,1.4395178072346042
11193,1443,184,0.28483860944780154,0.025659411925148968,0.05826653899156336,5.15638155633518
6351,1434,153,0.3945431184604307,0.021908713236654723,0.03722153939127019,2.8863893883583014
3220,647,73,0.46636790979125475,0.031247446644714166,0.04052912895875876,1.6823078438802255
10390,654,108,0.4401589268366534,0.035638084778051325,0.03616029327867657,1.0295209179270899
17616,439,44,0.3724475251656107,0.041911975269755264,0.05987898221937939,2.041138908797142
6197,2099,288,0.340806907191703,0.01969814561168008,0.031904759898494985,2.623374388671647
11615,742,63,0.3310680541647286,0.0354495493258028,0.03890002035730267,1.2041434303734526
22163,390,40,0.2818921463116394,0.04436841821544509,0.04167866414919063,0.8824288327149362
18697,337,36,0.37089477355889944,0.04758971841796424,0.06294135255305534,1.7492257918150158
3922,511,64,0.2956947812697722,0.052267073022853695,0.05760359123771397,1.2146265210919267
24603,761,92,0.44589396512358687,0.029299484254191665,0.03642763428043776,1.5457597128644345
16252,219,24,0.49364309674851153,0.05657135054791162,0.07332250493027467,1.6798925070850812
16399,1735,204,0.4248591991220625,0.020491890959489896,0.021150788001741923,1.0653419583257948
2296,201,21,0.4012713079090444,0.06989690718633546,0.07731266054848962,1.2234474464647724
7646,1113,146,0.39177580456345695,0.02389535597562174,0.03108121173462889,1.6918773423472129
15080,255,23,0.44015414263917385,0.04637680255245594,0.06232684953099972,1.8061289090484705
23403,801,74,0.4644125609000519,0.029480949472255474,0.03831154344829429,1.688792783363562
16463,471,67,0.4669916280512541,0.035868359434284035,0.039340712162208295,1.2029883140722886
1602,1716,193,0.468263848278645,0.019512721366738348,0.022509074857785954,1.3306983086269568
531,460,51,0.28424766224095827,0.04400985822930116,0.051257423124455984,1.3564806372829847
9211,491,47,0.33873570089316357,0.034536072727882165,0.03804484412578636,1.213516589431575
12091,937,143,0.26284487708234044,0.031831407805719865,0.034961996312271884,1.2063706210537908
14438,586,81,0.4110961455731823,0.035596242856222406,0.04613157183142789,1.679531613071469
12114,1289,134,0.2237782472218661,0.02789541137231246,0.05446486593942463,3.812126795851427
7300,409,35,0.374890054627823,0.04322824581821471,0.04472848529207398,1.0706145903455528
23887,655,86,0.4017396832483538,0.03469161161377538,0.03747325232596726,1.1667930229586934
18691,566,56,0.42802040241321193,0.03659874224565106,0.05407972433301874,2.183416646101487
23033,370,43,0.49346568387466416,0.04163050215907901,0.04872847355520203,1.370068606765405
1541,1588,134,0.3649733972119738,0.021243020713154925,0.04130426649827883,3.7805699948754765
1584,305,26,0.41577360246497697,0.05739674745364174,0.06918084473590835,1.4527709807496272
10845,645,77,0.34090595194115325,0.03683458727220823,0.041829113632587914,1.2895723352580781
5407,1039,110,0.37507689146177203,0.024998396528963678,0.02639855894298391,1.1151573080339394
5981,1335,190,0.31653016649587445,0.023126099076654145,0.031546652458360615,1.860809003735234
6637,349,37,0.37694483830666975,0.05911723547273588,0.05356789991141136,0.8210715564375854
8710,234,39,0.3974142000399686,0.061875015912379726,0.05801240004571993,0.879044819906454
16775,510,51,0.32274438196769933,0.04369193098073289,0.039894111327749116,0.8337101957355543
1221,573,77,0.4081158173594088,0.03456072059879537,0.04114432544612089,1.4172756152711694
21896,747,105,0.3100122347004496,0.03276831176614989,0.043481229365797736,1.76074107335244
7795,309,29,0.5304147531519672,0.042951636079136254,0.0500897578915871,1.3599985411704263
11399,290,38,0.3620737459314128,0.05007604871444565,0.06882288409901482,1.8888854880810289
19856,260,30,0.2685128669486277,0.053275339032813236,0.0722978470208868,1.841612629837424
16797,299,38,0.35208397707673184,0.04921325368267639,0.055692453243511596,1.2806443565076315
1863,1306,176,0.3243917657509407,0.02429370482888916,0.03123791120136533,1.6533944334097133
18436,1133,136,0.21037105493493302,0.027897490604977242,0.0643091305213287,5.313919801314039
6385,1530,161,0.4092165850422459,0.021616171319753272,0.022995304358782526,1.1316725373504004
18075,825,90,0.4037882918204483,0.03128637916930259,0.038367102628503166,1.5038599683144043
10204,1220,160,0.3598556295936815,0.024026559318193228,0.024085014417836118,1.0048717927230852
25214,659,70,0.35335541997313674,0.03934016265555538,0.03382342526085714,0.7392015512234528
7215,212,21,0.3234370904932118,0.06787687596281661,0.06251341911532483,0.8482088792512003
19441,1734,233,0.3868139747071405,0.01995482586200576,0.022813686333987247,1.3070585664737284
3418,225,35,0.2671134254513582,0.06277977504943122,0.06600673630647529,1.105444667039894
16916,889,87,0.34770598448417933,0.02972224295045149,0.035326991814212776,1.4127006851994806
358,487,65,0.2929161473343264,0.041049975919098904,0.03817880512037431,0.8650054643982393
24185,641,60,0.3808673799331214,0.03366623199701812,0.051430559269774814,2.3337453748325467
10929,933,113,0.4845762879256942,0.026505040378683356,0.035767391590883345,1.8210320887311637
18406,1963,192,0.39297645940984033,0.019451599529630523,0.021246740467038193,1.193092145033413
10820,1349,147,0.4709478150994876,0.021926146856903483,0.026767146534346264,1.4903199518928554
10986,518,33,0.27711004518980037,0.040071971651548605,0.04335156836038089,1.170383538697037
20553,401,86,0.3948005425123856,0.04348468868062079,0.04150968594813017,0.9112261299257505
22923,1193,137,0.4768391392236184,0.02386220523518271,0.025721802636603838,1.1619345076223868
12467,741,119,0.3545066567921537,0.029833634600168624,0.04095346813487861,1.8843823991759734
19093,272,25,0.44666682762295834,0.04799016670059167,0.08140508864041289,2.8773890730215768
10300,640,64,0.3063456961438591,0.03481210970098131,0.03973689189101451,1.3029480575506278
20321,2255,175,0.45530526504136604,0.01624130819253598,0.019438798247035288,1.4325071869653163
8890,842,110,0.16173357528143392,0.0353374169723974,0.05039469087520691,2.0337612528483553
24359,389,49,0.39863343119278855,0.042214989499331106,0.04604296153510574,1.1895785626187998
18566,1761,186,0.4171180704553974,0.01993148936553035,0.026673184263405543,1.7908954201784006
12961,307,36,0.27554294972529253,0.055135533553764264,0.06495862428365938,1.3880671427909634
10723,1123,125,0.4008071775995145,0.02910182077389322,0.03185127087061509,1.1978797061192794
7629,384,37,0.48183682809756606,0.046477401095120066,0.07963212816509835,2.9355736045783636
14254,1059,115,0.39680420791976634,0.028293193476596964,0.040753362284900924,2.0747365206710975
20821,565,69,0.4130136374602418,0.03539493162935036,0.03955598088068091,1.248941685328035
7386,1731,170,0.45586559077872096,0.019500271585289167,0.024578451972837922,1.5886481908698753
22502,1829,350,0.38702911007759944,0.01845969327460249,0.033578496826769,3.3088230326243573
17833,863,105,0.2813459895902805,0.031596147459758445,0.057208243507234594,3.2783020342158253
23400,719,78,0.34600723742905465,0.03230862409662781,0.02994772395751262,0.8591929718768557
18203,2661,258,0.3860688644388141,0.016064172102094692,0.018345654275068058,1.3042165692857048
6410,2259,312,0.39025731623431265,0.01841740205130014,0.020854085766587892,1.2821108426814305
10535,447,46,0.31687639796336614,0.045023794324892834,0.04737646041821951,1.1072381413866297
27261,428,60,0.5574963039375583,0.04164132784795048,0.05973230744794192,2.0576402378976075
2003,998,240,0.34486885575423426,0.024311239448440398,0.03091741835433366,1.6173061704781297
3427,200,28,0.3415222753185233,0.0593359985474946,0.07009538467418444,1.395540151208708
11176,467,54,0.40320024416708317,0.04013076692975452,0.04089101912809547,1.0382476342957823
4422,455,39,0.3580612659636708,0.04872817774352895,0.05094920149713547,1.0932372536797397
16895,631,72,0.37873760404055856,0.03807840157466295,0.04025027241796933,1.1173268336616007
11027,2012,257,0.34263135060620675,0.019437928555161302,0.042369239538900275,4.751178809361317
3235,1267,148,0.388617299971275,0.025272704001347786,0.029340432131471847,1.3478128423494187
24744,537,54,0.401703377486016,0.038145721813546786,0.0499576150106916,1.7151879591441823
24805,817,76,0.45607304112558406,0.02995717400085545,0.05238655305457161,3.0580033948946648
18378,594,89,0.4680416579367921,0.032008771866851,0.04216383966822206,1.7351710136245935
2334,1742,146,0.45144417522734004,0.018894429255958883,0.02526596787759198,1.7881515516009365
379,765,77,0.3830361528509698,0.03459089795924638,0.037711405610661865,1.1885617992983704
6007,2655,274,0.39044972477047657,0.016417522016006117,0.01966439689728877,1.434650281112723
6204,363,41,0.36735134275801995,0.04547574850223588,0.054275917654292724,1.4244743641522242
24503,816,111,0.4577700281927819,0.024253405887359962,0.026051954603618015,1.15381227706942
23164,1705,177,0.36574674654883654,0.022134173965604183,0.0241613308114837,1.1915576665670333
21359,1519,142,0.3682572824321123,0.020474440507450908,0.026447193017952026,1.668534088673367
24130,1632,117,0.4403960618261577,0.02031307232973953,0.02820390860478487,1.9278239327673103
2364,381,37,0.20919409429665423,0.055325317206691586,0.06043233377569049,1.1931386301758589
25071,254,32,0.31575101023433266,0.06186168259288685,0.04806068386556814,0.6035822167120991
20181,1909,185,0.41041056763080586,0.018623037222147202,0.021649298320343083,1.3514084409868399
2401,306,27,0.43482178037599073,0.054308286384184695,0.09850002640345815,3.289580320070718
1891,235,38,0.32883128558159136,0.06037073873881943,0.05817364790068147,0.9285378584943422
24472,883,114,0.40529904764715874,0.028312695043124992,0.027284005515002957,0.9286537887885714
25447,419,60,0.4463806334022691,0.04599852232766697,0.04950211482026009,1.1581364900776638
12293,411,56,0.4711170952481065,0.038651206650755894,0.051530286777440856,1.7774566001693912
4838,869,118,0.3547062691839766,0.03259821519802174,0.03915599705336082,1.4428092881263328
21752,297,29,0.45064106240308327,0.05414149244259477,0.05554187016516722,1.0523993021692155
25254,1812,265,0.37278069412077036,0.018646922754038023,0.021649576936829104,1.3479832156067113
20910,1079,131,0.35380801239044296,0.026291434425254903,0.030946663747319046,1.3854763271597266
16284,458,86,0.29026549496646914,0.043155174105645636,0.0747554949767172,3.0006856175723047
16168,362,47,0.37555034253531044,0.04621168637259249,0.04020089937645109,0.756776964352998
4342,383,60,0.3622153161806779,0.04242901278128975,0.04037222028706532,0.9053977579386275
10592,289,35,0.2820691853054965,0.05228512654493168,0.05288596583959115,1.0231152388580145
7683,1160,132,0.470203268019695,0.024346361221725267,0.03169777676668573,1.6950772008114317
5368,392,59,0.5328502720365554,0.044154659702319694,0.05288506922680343,1.4345413473723372
12933,1510,165,0.4083472594775192,0.022557603260966733,0.027954031319108584,1.535687985693751
69,823,114,0.41224436062129943,0.02880018324574744,0.0326692947743605,1.2867347120753767
7356,333,35,0.240914238846037,0.05538543825799343,0.042273951498417325,0.5825785582693767
22990,403,39,0.3622043943802927,0.043182922079012975,0.06217542580372204,2.0730676910488093
17984,2125,216,0.4450673201971916,0.018584817425646823,0.02526215107537843,1.8476685137324305
25299,250,58,0.38854005295786426,0.0690023640953194,0.19419806418848512,7.920668769267752
11278,567,88,0.47916946228271623,0.03208957432963278,0.03309635352730366,1.0637323852565732
13519,415,47,0.30047570610945046,0.04614654771950207,0.059164310435397965,1.6437704971943652
21599,360,42,0.33847495023326707,0.044255333992210696,0.05758593632125831,1.6931741131405353
5193,1265,137,0.457031719914334,0.022212760706544956,0.024859868852005557,1.2525428444404567
13663,235,33,0.34522193931264145,0.05808566198517569,0.058373620226878135,1.0099395274079555
1104,486,75,0.27277689495598795,0.045258536906211524,0.04085964081726083,0.8150571634767573
9930,592,62,0.44083536056082306,0.03495740319786991,0.03647221307334636,1.088543792028363
19338,544,56,0.22416522947964468,0.042518637670148116,0.07057506390935447,2.7551413085164547
21436,846,109,0.39986640913684307,0.029261426729792723,0.03331706959821524,1.2964106700279745
24020,947,95,0.3027977505074692,0.028904632399258154,0.036682783016306224,1.61060726147093
3339,960,115,0.4596738667331993,0.03209879527702151,0.04169691029337968,1.6874475579475239
24120,1808,171,0.3339379175526588,0.020897301031355606,0.03296467929018455,2.4883834945710817
24194,953,125,0.425254064730529,0.02800800447494782,0.03992436127894639,2.0319434610615774
3549,2016,230,0.31772406517485935,0.021768091629458974,0.021391768668254273,0.9657232186647401
19720,309,27,0.3139474744382888,0.06052378674927069,0.039594534088043976,0.4279748901296244
21091,816,106,0.4862292121421578,0.028111569319909456,0.03474362409051417,1.527495901902442
20035,2104,128,0.47677816665568984,0.016007097211210786,0.02451258133997604,2.3450544481741056
24347,803,95,0.3946853241916393,0.030465611096587374,0.04697301593739057,2.377262298273714
3691,1471,172,0.2812793540098663,0.02476450791146012,0.05724601834391157,5.3435658475675964
16697,908,110,0.3665812142605456,0.029519884625512843,0.031662395788367874,1.1504247997358532
549,744,82,0.38716388567259996,0.03137348092034944,0.040992915372680606,1.7072306472599927
15886,1714,184,0.5186563452499671,0.018711328934293902,0.022030229770801987,1.3862092310914114
9396,496,42,0.43159701072993006,0.04026633056033614,0.043429407710794406,1.1632785069689184
20452,418,56,0.19601864505556743,0.04632457446438254,0.04703001869891089,1.030688488726001
2850,1243,128,0.41985643561642233,0.02074943466766508,0.02877408156557189,1.9230492357022075
22435,1072,228,0.4453120514174266,0.022762299444396814,0.03066351626271122,1.8147284398945838
10661,247,32,0.18570156281233768,0.05748152925874148,0.0597226233677189,1.0794962176468774
14945,292,57,0.3886888811269753,0.04626827132151156,0.06065780474263389,1.7187267258989756
10238,330,44,0.28492887794158067,0.049266164211314106,0.05799463542022979,1.3857284870882718
26685,661,87,0.47166236500654035,0.03171147440159649,0.03872959880162035,1.4916025836491527
1751,2822,291,0.4251553738319464,0.015038796069611405,0.020240327345586912,1.8113773114712954
26455,472,48,0.4662376323684715,0.03874292722867102,0.06001070821485413,2.3992341951320197
18609,1479,168,0.43716348690601836,0.02256918688854245,0.024736075603557083,1.2012399676636663
17857,824,123,0.2872711064713758,0.02784031650089098,0.02845254004744474,1.0444646603935774
7362,2477,276,0.4722488355943989,0.015173470519233746,0.019541654955622614,1.6586426595273454
27181,575,92,0.37572728772294184,0.037564218141789854,0.04034956669425197,1.1537960365394653
3357,1676,183,0.4544251059884165,0.018245396128477503,0.020514317365931328,1.264176014980644
1317,746,79,0.37697515298971135,0.03380148593434828,0.039778127017727816,1.384895727010153
19710,1726,207,0.4599156181241771,0.01964057583116384,0.022893899478431352,1.3587235731652534
25405,536,75,0.3850789137112055,0.03974561445611327,0.06422378209279511,2.611038789090998
26994,673,79,0.3239552049315105,0.0358803791718172,0.03466459192382423,0.9333792379671381
13140,2897,272,0.36698443050535295,0.016244775476921203,0.017948426895024797,1.2207461253109197
21388,1062,114,0.2714847529807881,0.032829809916573534,0.03675807849389282,1.2536285244093708
16467,470,47,0.45891382972600087,0.036258781314838576,0.04850176018414235,1.789322379455709
18006,869,184,0.36372693642447207,0.02712481692856624,0.03337467487049982,1.5139113875582915
10093,459,63,0.49979661906544165,0.037457250388763234,0.04454350310115247,1.414154792307983
3311,1220,167,0.4778441048102396,0.023180281286451856,0.024261733824435965,1.0954845681588994
11289,690,165,0.30938495739807736,0.03324704097409858,0.04285477393015368,1.6614696773112005
26315,1482,162,0.41700202528757807,0.021374376807833256,0.030350987331978656,2.0163165940887584
7042,684,99,0.42754539164042954,0.032181975997485485,0.035114724105906214,1.190564991251606
5968,498,70,0.33313546695571167,0.04569443453212863,0.04532700290459341,0.9839825413466251
9775,500,43,0.46832060748922033,0.0438451983139387,0.04708898965780823,1.1534390941839878
9633,984,129,0.3762765351311782,0.02723158245796718,0.046899498335781435,2.9661331026517255
1922,1813,149,0.32626056813655746,0.021142451454205447,0.03589018787957217,2.8816470036048853
8649,1047,210,0.4934044218002861,0.02134383708672917,0.02410500652053509,1.2754678376584683
11867,207,28,0.2252361373437965,0.06510944843426326,0.10621227959560872,2.661101424781614
15362,265,23,0.30446863922711614,0.05686117217570445,0.056927736971182835,1.0023426797276063
18911,448,55,0.37356556821547965,0.04077895730993933,0.04242256434078067,1.0822350622463737
24816,644,109,0.35366147988111196,0.0335563904722655,0.040309236048358836,1.4429744989146316
87,1638,223,0.2247779791554433,0.02275200822684893,0.03328973778799256,2.140825536777221
25139,2554,226,0.3870096396261957,0.01693193746794514,0.024820130580184983,2.148794146389936
3745,1104,116,0.44121599370572034,0.02390443872287605,0.027422471564479262,1.3160006016597374
12309,693,78,0.3688247355257323,0.034188976564518796,0.03855100886767672,1.2714500250766245
2506,969,99,0.3081804147534055,0.028769831493611796,0.034373645534673265,1.4275014297268824
7105,295,32,0.33792087343817334,0.054900728614689635,0.06997283074885136,1.624436244130098
17215,362,48,0.4560600535817685,0.04201190781461231,0.03554363458825045,0.7157788525230178
19405,1877,191,0.38741458288059955,0.019990514790786052,0.023218614940356014,1.34903948811959
2407,274,23,0.34984406476883056,0.0568432808712132,0.0777681316147188,1.8717379988397465
16987,1409,183,0.39934758141731946,0.021729302734584278,0.02577865738827784,1.4074371424131507
21580,783,76,0.4230381114853083,0.031382922666341406,0.04076633698340141,1.6873944137066215
2131,1051,142,0.3417051306097761,0.030523905011489105,0.03225123289122478,1.1163810500800986
25840,1711,192,0.40524362207420916,0.020090696386148,0.023446661544475528,1.3619841314416932
2872,220,27,0.36619223325504224,0.060070620266793065,0.05356361630089258,0.7950886392572802
14382,621,80,0.5584035151979435,0.029835176954094857,0.03695302261222298,1.5340612486125493
7637,1004,98,0.3453289560241365,0.03002259030428397,0.05145723067435788,2.9376259751780625
9010,597,81,0.37988886100288843,0.03824650840586701,0.03496836918612012,0.8359247227305354
26018,1863,237,0.48531572985735155,0.01831501183934005,0.022164046243406458,1.464480818457941
27088,356,59,0.4531016760971843,0.04530305098347843,0.050612544459609596,1.2481346514025948
7639,384,55,0.38799253895999913,0.045061657527264355,0.044816272038295274,0.9891385549055213
2049,588,80,0.28188013664931233,0.03760869787707815,0.04692363483305677,1.5567063554838425
15006,1301,135,0.4277356538998119,0.02186936061466912,0.036015981750722695,2.7121789647686403
2646,836,98,0.3290858658943876,0.02975795694217964,0.04934106529821548,2.7492284006399794
19049,1363,166,0.4699803978570415,0.022385181433666225,0.023816788958987974,1.1319967483036204
1800,944,123,0.2008682723372116,0.033088203304262966,0.07138759396036827,4.654779559410469
22839,1672,231,0.2332258677558356,0.025422785973777097,0.03994783030646058,2.469108134021106
19739,1166,231,0.4175093972185193,0.02320220062086223,0.02611853695100651,1.2671829960226173
3441,213,21,0.39753657122946456,0.06079902100995759,0.04315514321003151,0.5038159955705598
11208,1633,187,0.46262101855472554,0.02013533421943412,0.025015255977959536,1.5434487637251193
20607,540,56,0.4357462004201193,0.04178212951879236,0.05630115654568096,1.8157392874407388
4030,850,86,0.36553538061699237,0.029878126510272204,0.032657726852628514,1.194717378261204
9762,252,49,0.44797240822862294,0.0882805095063236,0.08774453824088813,0.9878944001105568
7542,460,50,0.2824743359781241,0.04077214637309899,0.04909976948920694,1.4502128771124514
23042,288,25,0.3207494652370152,0.04963135922449709,0.05674410283183013,1.307161143177397
4339,738,94,0.3520636107386814,0.02989912743385876,0.04034913058433306,1.8211735499252977
3728,258,22,0.4963520361036423,0.059388772068799715,0.06326760593139108,1.1348908908010913
17921,2077,122,0.16949526848898896,0.02311549267471749,0.04286826792269519,3.4392643988999843
26955,1061,124,0.47333550448000766,0.022654513928004816,0.0277151237490538,1.4966634305258772
2643,1435,147,0.3741341895256799,0.024529754559351236,0.03265094780743154,1.77176117192702
18175,227,43,0.38749906798258194,0.05838788584862419,0.0643523050414699,1.2147382714293247
4450,1606,171,0.4755855235615799,0.019897057474290644,0.026106712229433744,1.7215778057246696
23180,379,40,0.2308603350521546,0.050242224287951276,0.06949905892860185,1.9134632784284171
26006,1706,184,0.28094878038121807,0.022146761651812803,0.032978354855292505,2.21736664445887
1644,301,51,0.3504432385995005,0.051942511840505086,0.06321384052728962,1.4810797976241172
17809,1107,122,0.4852385510916039,0.02108149443432292,0.025023181981100512,1.4089068494874026
4866,1153,146,0.4580874065967186,0.024727246432647846,0.025655523633041747,1.076490625292922
21377,217,25,0.4846242262683858,0.05193108599703623,0.03927063953780179,0.5718487003527195
11407,825,109,0.5058773903828399,0.025782208352316413,0.032922629485738576,1.6306051191807491
12963,370,37,0.38420392042799295,0.04633916726654419,0.052821169014416906,1.2993303024931848
21006,2654,262,0.38848481503872906,0.01607195561200822,0.021791889132433167,1.8384520740619203
19217,768,71,0.4729926096763711,0.027971195528451877,0.03234711285354687,1.3373620315343355
21738,1766,215,0.44925708776494433,0.02045944283457857,0.02347872844481532,1.3169265110173338
8486,353,42,0.43272567624560654,0.04714651636874092,0.06906539176727722,2.145960591813023
12234,255,23,0.23494103006831474,0.05426520924942999,0.06490767896148437,1.4307020349107404
3901,1202,131,0.23278577849057336,0.028129982138763093,0.031657692934023735,1.266542045872638
14273,1634,140,0.369912358900794,0.021779721901610056,0.02875136578915407,1.74265854368267
22671,1331,188,0.3786801507046501,0.024173677684213354,0.026030152819373615,1.1594925997172814
15220,604,56,0.3516537610394838,0.03881911613089208,0.036186667877014383,0.868972241242781
432,1217,146,0.49736099720250615,0.020795688992406483,0.025600073469483314,1.5154297047983145
11872,646,81,0.2820019156753909,0.03602569012663094,0.04944893186563135,1.8840360634393791
15099,450,46,0.19221689922075014,0.04564854122416953,0.03991625922201261,0.764620366428358
24333,737,91,0.2735814170179644,0.036894522806779,0.0466401169959037,1.598068780189641
4100,740,105,0.41442035731847765,0.029110664643448754,0.04720376710744056,2.6293540896728267
18866,625,86,0.2551949737802511,0.038062535517324844,0.04219950234631722,1.2291905941795647
26931,247,28,0.39631208024618364,0.0708213578275236,0.08159672983747943,1.3274464474475038
4928,476,62,0.39638228109345963,0.039847992986209786,0.04722019629551426,1.4042443063899726
8352,340,37,0.1997908409789643,0.05511682378766197,0.054351805159219044,0.972432757659795
3032,928,117,0.3437762327690886,0.02767792436760854,0.028098313968069107,1.0306079433363238
10322,577,59,0.3404067006860823,0.0405507830052542,0.057993367900280465,2.045305434211651
16442,694,106,0.4226686008815866,0.031709908718061855,0.025308856909510784,0.6370229473869974
13180,1205,181,0.4200939456894389,0.021642697740305195,0.02491674093332899,1.3254388165813937
10519,1843,234,0.4636040034240248,0.01962944869568681,0.031473678384098626,2.570862210494282
9693,331,45,0.3199539661317109,0.05436094434340128,0.06108206599023875,1.2625641413461741
9274,801,117,0.3075849831546823,0.03238245280034753,0.04254437889084721,1.7260957892179487
13730,1008,139,0.349085271325195,0.028805354800170838,0.03124333033776657,1.1764356688532025
532,427,72,0.28901787567172893,0.0456623793389273,0.050862652529992,1.2407404333243581
2353,1086,213,0.3542615479116353,0.028924138004387066,0.0261979367019991,0.8203767184424087
6803,795,97,0.38908848925017664,0.03093105871634658,0.03060089249284281,0.9787654159442105
11379,590,67,0.447692420988844,0.03600359180692503,0.0509325750984344,2.001242005360455
2808,2244,225,0.3844291378247393,0.018113663285061424,0.023426825541597206,1.672685553406143
23822,2140,235,0.4611055376655676,0.017623637363933506,0.020336629754982488,1.3315787879900798
2113,1353,159,0.41661236397985163,0.022392929836587947,0.027459333598696838,1.5036894334023407
24966,1813,208,0.4634623844666913,0.019125515177066954,0.020867606938765514,1.190471521677655
16635,230,34,0.4027988305118746,0.05307423998795291,0.04866923260080436,0.8408943399137835
14388,1431,152,0.32054179222040985,0.024309910746083276,0.03993001158327185,2.697939109202737
16507,638,114,0.3369393500267315,0.03517334880163689,0.03802135868540263,1.1684976056979957
21190,801,66,0.526631496619992,0.026646180592466154,0.03942072332721888,2.1886647520657974
7978,633,97,0.38166956969727905,0.03179972400354263,0.04998545454148865,2.4708170530324503
19460,240,51,0.302820458781949,0.057674178518123766,0.06964994773441827,1.4584070498205117
14461,1665,154,0.40732878039426684,0.02175666493361355,0.02663954873805674,1.499232819924368
23988,2004,189,0.47952462188768363,0.017754158246074427,0.021963632703697646,1.5304113286273215
20597,566,96,0.4835791769835508,0.030113265365653036,0.04425131616629661,2.159417826888503
21954,833,104,0.47891929589144355,0.02898429738318598,0.026471805092206008,0.8341450157153881
9993,275,28,0.2486192282688824,0.05573460354700868,0.07004590014965234,1.5794853748987028
9269,2021,218,0.38392333771125703,0.017577873724253595,0.025944138113168928,2.1784410629414857
16612,264,23,0.29555627621439295,0.05552805231939457,0.06452145409246773,1.350154323555174
3794,457,46,0.4153258734837794,0.03877353041440812,0.04492218620123649,1.3423045885139773
15564,1087,141,0.44190752312379705,0.024516862881393858,0.04663786829648907,3.6186583938241643
18142,559,74,0.4847874874391106,0.033226687019697325,0.03178987982063278,0.9153847879373216
25275,919,111,0.48990157582006,0.02739082990175476,0.03941239095645852,2.0704044025900026
4065,372,40,0.32608614531650043,0.051754632913321,0.06244867889268785,1.455955312511825
1037,800,95,0.34985466105388197,0.03058249730627427,0.0369817943407308,1.4622784035360863
26206,1311,132,0.39150029961722366,0.024837011726994273,0.056482330548932154,5.1716191081847365
25528,1207,126,0.3850158887143579,0.024603303793306552,0.029805817679058436,1.467625411349641
22815,2378,285,0.43455877782285013,0.01750586880240427,0.023154411076004477,1.7494443820470877
14552,948,99,0.27045730475019675,0.030498719159539122,0.029551003286184385,0.9388176777163001
26380,2427,287,0.44250004001236803,0.0173711591678852,0.020145679926301188,1.344950373734594
17026,281,35,0.37632930390037206,0.05345222201427812,0.05231088461277487,0.957750972064362
13091,402,48,0.27943324490116855,0.04876598556927166,0.1203981054179349,6.095443277994544
7606,1641,188,0.3807258662287226,0.024810697389870177,0.029633860812651586,1.4265878794605154
15295,1008,115,0.4223725235960002,0.028330437375986027,0.03452830127816161,1.485401527558624
27139,583,116,0.27763864744978256,0.04083657816090716,0.04572789459209729,1.2539023728994736
26486,349,32,0.2832414937405222,0.049926060727212625,0.05996553697412849,1.4426097156617161
26508,773,113,0.4564171413073108,0.02943554496294891,0.032302496752926756,1.2042815190222356
26298,285,22,0.3336679642572826,0.05941131783891629,0.08478568369392447,2.0366044176997424
23976,570,85,0.4610691774706085,0.035739357162286434,0.03561095692167432,0.99282753804205
21258,213,24,0.35766843635513984,0.06606569130249151,0.05686173230805805,0.7407782207947832
13142,359,36,0.2990243092066348,0.04973265644235227,0.05129039803073705,1.0636257032123324
23669,561,53,0.31988888291788686,0.03959480760945494,0.037282204756628856,0.8865979044024404
1378,1371,217,0.42674336116756534,0.02050710257846997,0.024394856528633657,1.4151026001137437
4344,400,60,0.4174837948620508,0.04146382641615676,0.04422316414577701,1.1375247911155388
3556,268,32,0.335206530518079,0.04991894822528841,0.055178088008057104,1.2218065313893574
13185,568,90,0.48278027412461466,0.03122691125800813,0.034824582348053454,1.243694675771392
25343,1311,131,0.44024035357654423,0.02457601592032574,0.028554369845033383,1.3499640439588945
14134,1439,153,0.315000766669963,0.02288453773585425,0.026886654264785974,1.3803500550713736
12646,353,34,0.35049550481957187,0.04812401856886443,0.062438809542098364,1.6833927678349612
12154,235,32,0.4083814024215061,0.056924382314190225,0.0669766401948511,1.384363251254897
24295,1482,188,0.3829509131871083,0.022096843619799245,0.038087981136881964,2.971087364792354
25444,210,35,0.39771925394744256,0.06723054036457098,0.07898153647998295,1.3801235048274152
25762,610,93,0.3404324301174031,0.03453467418826124,0.04844380335986459,1.9677310516774613
5412,498,71,0.43657615371187136,0.039041445345539064,0.045459012867414245,1.3557768915077333
25654,418,69,0.440526761341524,0.04226788461313759,0.05465250767080853,1.6718571289128312
6032,997,111,0.2909606390518285,0.028214496209015016,0.04077341325334068,2.088380059833768
5154,692,65,0.18634389678327695,0.03943994867801474,0.09237810649369924,5.486121605554121
2555,698,82,0.4273003105145352,0.03388514861662045,0.03740470829693214,1.218523067050808
9122,1117,135,0.39773065408611635,0.026117953911589997,0.028950244482105654,1.2286442965293145
10404,687,81,0.45420411616955264,0.030646562762896658,0.0352315355387083,1.3215986897553602
10066,250,28,0.3693670041982512,0.05658864823428207,0.06617392692538351,1.3674617125935424
9923,300,38,0.2245613444633457,0.05139149121208271,0.05753943582001004,1.2535704878546394
27580,262,46,0.5713910526313157,0.04614441491465316,0.046706506451949244,1.024510658373138
3517,509,75,0.450859246764244,0.03746692034316212,0.04789605205841549,1.6341933555196693
10142,303,30,0.3919649346705103,0.0493462388177267,0.057423769588925117,1.354176535622451
108,565,63,0.36405759966763157,0.03622502587816615,0.036111851999112314,0.9937613797125153
10880,450,75,0.3819343090924416,0.042197129694582045,0.05804686590913179,1.8923075879605191
4972,284,33,0.4755713568692682,0.04995172853688844,0.04944451773047557,0.9797950658733154
3542,925,115,0.4496410157548953,0.02688662665866364,0.03219523599667311,1.4338726875314451
15780,486,46,0.3723520692574161,0.03747485141767724,0.053890543207173854,2.0679749953613786
18166,389,68,0.35863201567302394,0.043657725537801194,0.06983855651466135,2.55898827661727
13960,306,41,0.5311181311873205,0.04760160925337356,0.05402437964887238,1.2880606335332243
6585,733,110,0.2514939951045075,0.035365418009088385,0.06469601678797443,3.346551357346692
26057,504,71,0.31956438934404496,0.04236216156984798,0.11090900886772864,6.854525934353611
26841,709,89,0.4927464901400864,0.028719412863803955,0.03816740259242453,1.7661764832085327
26479,352,52,0.3380867069478436,0.04804518796236788,0.11085659267748094,5.32381870972489
10482,1733,181,0.448357879473183,0.017997832310805595,0.026199418899208442,2.119058349552241
12939,1867,215,0.3840265116354316,0.019310216013033614,0.024755439759839678,1.6434898534344817
17023,1244,143,0.34606091393923916,0.02873133141051651,0.028760765871209636,1.0020499946675652
5011,258,40,0.4625754191874106,0.05344215145115065,0.06481298736852398,1.4708087742274847
23573,657,82,0.4854684453362431,0.030081841207860047,0.031163166801034262,1.073184371759556
2142,273,27,0.16888210953530639,0.05773751927571787,0.05848522278571595,1.0260677949703993
12998,201,24,0.3706216674671968,0.061956586446322764,0.10396208415450031,2.8156261552678807
12100,240,42,0.3212744911269785,0.05864833726580033,0.07602151341953677,1.6802024530306672
9394,212,24,0.3693594685776981,0.05629193091608224,0.05370903234766476,0.9103373546676055
25419,1154,93,0.38083491993212903,0.02650215829174554,0.02051228537832403,0.5990535040839187
6329,260,23,0.40937128403580886,0.05058316345762558,0.04832679008388599,0.9127753990902998
12569,1345,149,0.2816008049600572,0.02707989590138159,0.038813293039086844,2.0543148299367107
6786,538,89,0.3271993060996224,0.03796317002641751,0.05019488109562936,1.7482112857231307
15370,1128,219,0.32008117015773396,0.026563002078972005,0.03714837324026931,1.9558038118500185
25872,402,50,0.4256778194717005,0.04046930509997447,0.05007170283005074,1.5308520770832017
15082,2640,282,0.34443694101669,0.017233203246351775,0.020988871325389093,1.483358586900181
10686,1711,193,0.43375518337303565,0.02046273043196303,0.022967909795246023,1.2598411267944716
24736,802,73,0.2978251999217772,0.03358470438589872,0.03888519018362686,1.340557339776823
20481,647,107,0.3978475530632433,0.032727383749617915,0.026304356117384294,0.6460003797347867
23583,310,30,0.15264226827799487,0.053999625833592975,0.057513585149631966,1.134382138873654
9710,991,117,0.4169631437547535,0.025968174338940737,0.03431581308618129,1.7462473132330776
6741,984,210,0.3517540435640529,0.025747760838359734,0.034990683344415324,1.8468257241622215
1869,1111,153,0.3657385826981747,0.027222445079313515,0.030156155613143838,1.2271501104991194
14610,336,23,0.43875543787070664,0.046103408319584524,0.08168608143760589,3.1392800497923745
26678,1035,226,0.3749157057812197,0.025641221755904366,0.02491391391502857,0.9440749835530574
16409,439,67,0.2801565608311293,0.04432090851690034,0.07278736174272564,2.6970850882489383
8752,483,50,0.4666641960720542,0.043215040825806704,0.054180269514754534,1.5718549493097889
3057,363,50,0.2734757478629884,0.0510517150662337,0.05027930531311724,0.9699690209140465
8679,1547,145,0.44063593761970904,0.020548107475307886,0.02170753696811257,1.1160340406179745
27052,1643,182,0.46589989504182927,0.018451505229996883,0.024827631505685753,1.810535232688581
7942,513,67,0.5112870295983535,0.03921941211929956,0.04573670138706932,1.3599643363200211
4757,359,40,0.22765746297086192,0.05243367638817647,0.0670806951269479,1.6367203794359169
25332,1736,221,0.2926632463647454,0.020465135479254465,0.03348058370255788,2.676435574423169
19248,240,27,0.44003454163471345,0.0550967509507973,0.06322181195722162,1.3166850326711539
26988,263,32,0.3419057197282685,0.05274028457814398,0.06923573705421789,1.7233587838189204
12823,256,47,0.3304135890804625,0.05744610822451646,0.06491767084697335,1.277040395099294
18942,948,131,0.3237413422710415,0.03203123958861472,0.03430340732345681,1.146903897599188
3584,1558,175,0.449155996170602,0.020548656164439696,0.028238518718848294,1.8884999283105874
16506,702,81,0.3364023849734755,0.03318943608666366,0.026903310861093682,0.657070111543672
13903,316,37,0.4788559377672631,0.04914583744234153,0.06768633891621342,1.8968306943755255
11316,234,28,0.48057520967471157,0.05993433380089754,0.09548375963721208,2.538093735082329
11671,860,79,0.4099757761774016,0.029578358025411606,0.04846657313329721,2.684951866321693
5942,2296,223,0.2660623052546353,0.020661243050457783,0.06503051466192657,9.906528402049325
6511,3416,282,0.32908403210967924,0.01581366570168767,0.031150275893833672,3.880240887858172
26696,276,24,0.38484658043086895,0.04997765842623971,0.04855239573383758,0.9437772829562545
13671,700,95,0.45933722821416595,0.03313448516924095,0.04387248654831823,1.7531700579365295
17296,2977,278,0.4383780931463249,0.014580563594174523,0.02349980808133246,2.597646249823107
26498,501,75,0.4754961784838066,0.03865680364293586,0.04308783043657788,1.2423883529352369
24939,348,37,0.11933496916884978,0.052082263276954956,0.049381957974120795,0.8989942498131612
12655,368,39,0.32937126896394125,0.0531056242220305,0.04796281532836362,0.8156959364783642
16717,469,53,0.3536196672538228,0.0388589932139571,0.05168996713290837,1.7694138535372856
7752,402,48,0.2582424366302164,0.04585812389749147,0.04189339992475657,0.8345620816253843
25009,1066,140,0.4617823190564606,0.023560453936731594,0.027116366624876483,1.3246333556814827
2415,932,105,0.36874146083404236,0.029632509871459118,0.05711872836088263,3.7155249740794547
17535,205,43,0.46455079731076987,0.05631339258810355,0.0594603041973233,1.1148870455983206
11774,312,40,0.20611970520117573,0.05056350539408821,0.04223352229740663,0.6976542716579955
15830,2113,234,0.32886807285138575,0.019377067159301695,0.03650088069474115,3.548383879279632
8727,2229,304,0.3854826739117141,0.018622635828124467,0.025229263535291552,1.8353835940921492
10525,1664,329,0.36581612366303984,0.02128133712927793,0.03779656164208755,3.1543273696798337
7849,1068,118,0.3526898152498496,0.025359445682002244,0.037326381313438635,2.166467927390494
8566,261,33,0.2834288190498386,0.06874389960533196,0.07754871054448095,1.272567514936006
15705,206,23,0.2848625764120902,0.06463293062942317,0.0419590284636761,0.4214471785630577
13020,1410,124,0.31318257187764426,0.023375570549935377,0.04330956529534941,3.432758170543107
2945,1672,174,0.4033029038523204,0.02111736467275072,0.027610624905288633,1.7095154595317918
12103,1319,153,0.3563645331805775,0.023239840845358115,0.03209961621643832,1.9078023567907616
17746,210,42,0.24177556934964012,0.07193761305783396,0.09352481452556098,1.690213881405017
15706,448,54,0.3502076949221844,0.04411046661212297,0.053202540908847344,1.454726817109202
23662,256,30,0.33228525286223803,0.054786125714718366,0.07809965750739274,2.032156165847535
19699,2699,382,0.41607695940430545,0.01443451824682239,0.018584815002360724,1.6577227479267274
13793,740,108,0.3085105868711738,0.036417741825811846,0.04801795486935938,1.7385264108588019
8359,250,35,0.41388887848870515,0.055994076446855695,0.06805007088489178,1.4769744823150335
25084,2732,418,0.4071126592921768,0.015636765168324174,0.018996482109824776,1.475885064709791
11767,1271,125,0.3593568888117482,0.025792341016788595,0.033230778214617514,1.6599671718459492
12702,591,70,0.4117662185915399,0.036661664481793595,0.03881761840324791,1.1210717675600432
18457,234,29,0.232237521263785,0.05602632586143863,0.06380809495884265,1.2970815188262341
11452,537,84,0.30444819853567606,0.04215236242726076,0.04930686131963235,1.3682670750746633
13662,254,34,0.4197702419165852,0.05602429924280971,0.06580939467999934,1.379821558702138
17694,2420,254,0.46200053739952945,0.01705797455745949,0.02755537125314936,2.6095018475132292
14570,1695,176,0.403172065425036,0.02277768548508544,0.021711305715352,0.908558093588403
24675,436,76,0.3916170406849171,0.03738957685216505,0.05565566897525905,2.2157344712265994
1838,237,42,0.679480245335643,0.0496813674820809,0.046416342831795784,0.8728804280353346
23454,485,57,0.4399958676089092,0.035681314246462904,0.04302659449995752,1.454093263737093
24973,696,91,0.35423797606757956,0.03569625215618773,0.05313084839744696,2.215380149932835
24892,2216,284,0.42479264748512946,0.017544872030904317,0.024564949263054976,1.9603396909138664
996,1138,127,0.41663803309607217,0.02611261331165481,0.02997410073420919,1.3176244647871667
4102,1841,229,0.3527960349885732,0.021167936514237293,0.02333469608884623,1.2151985687483529
12206,1715,204,0.45632710045290387,0.01852241648831769,0.025397205995127115,1.8800811377539144
27275,209,32,0.3464723538465197,0.06331045594137015,0.058964175593681126,0.8674123062286136
23966,653,100,0.45054364996164875,0.036165796118706975,0.03857737019811144,1.1378085108068479
5180,417,69,0.4555706739079629,0.04082681487348324,0.04347338295407924,1.133850705637328
19301,390,39,0.3954465648639642,0.038990485255628815,0.04873261712344575,1.562148046381572
2453,1086,128,0.4302600407639976,0.025210053632179135,0.03008749124221994,1.4243752361864226
4606,454,50,0.2993895675982817,0.04659471942457361,0.0584947157768456,1.576013264294853
27328,587,60,0.29299372519124195,0.04130065813671529,0.040772988965136356,0.9746106542538611
8424,511,74,0.36411484619561946,0.036957593831309296,0.038215407048798666,1.069226227486448
3019,303,31,0.48789214027172034,0.04326818794536503,0.06191631411678329,2.0477303857483857
23797,525,54,0.3626588502924552,0.040285517405208214,0.04353686178362486,1.167928753266297
4294,1216,141,0.3915778273268813,0.023588452745861768,0.028435428563238666,1.4531841305119744
20297,1788,204,0.31365555833450093,0.021168828164776075,0.036817037140893696,3.0248513433267643
20814,846,83,0.40437940236255304,0.02871211954689536,0.028912313676775,1.013993536939652
24537,506,48,0.06493243139146158,0.04637855443398655,0.07187811415420485,2.4019221776404853
3975,1905,280,0.3534717237359655,0.022091102915796003,0.060158990396404766,7.415941249561975
20534,248,34,0.4110972269128701,0.05306252347230713,0.0654889824656919,1.5232131693736048
16700,568,42,0.40719019376461274,0.03658706934303918,0.0412277732918045,1.2697683901147572
1224,1103,127,0.37284731915938174,0.027396818232823944,0.029850518741955857,1.1871442919482393
19904,1671,160,0.22178518719400395,0.024910538006302312,0.0451515569900318,3.2853318745810536
23117,1219,155,0.29392957736522124,0.02736695366188595,0.043397673375279604,2.5146640901505397
13878,211,27,0.37785614477269325,0.05808633259942958,0.07777437934432137,1.7927725485825197
22477,440,58,0.32703624964210554,0.045017063316897234,0.04968798017036076,1.2182835074165241
2635,372,27,0.39402161065858543,0.04427803840305541,0.04745121760365176,1.1484655613819998
7366,828,105,0.36825833923580775,0.030041517391820982,0.028709659038999955,0.9132976485673674
11523,445,47,0.38587454304278007,0.04256438779728252,0.04450193106154087,1.0931126762147985
882,216,23,0.30304688199540075,0.06165628328212068,0.06923764192675043,1.2610428790050872
5098,1872,198,0.47765232873131414,0.017323271196742776,0.020362327463874803,1.3816404075966204
14995,1470,133,0.42556408451643,0.022179114620788424,0.03252553405354088,2.150604061823674
10153,629,76,0.478442962417875,0.03089572990062449,0.04368361507591537,1.9991262590029488
10952,682,100,0.2909186398138415,0.0359437140631137,0.03958162228154313,1.2126662164194035
8018,860,99,0.39538392682313145,0.027571031213560478,0.03629676374610693,1.733124611088047
14864,554,141,0.3420222017692287,0.03745740090363273,0.058999834769413124,2.480997418099004
6101,554,59,0.4812175675936573,0.03256694682401102,0.03879278921099673,1.4188873706873446
15407,922,135,0.46791533198089286,0.02632609669111528,0.02737857375550355,1.0815552178743513
5533,1168,148,0.4664442191365913,0.023003428914988678,0.02613788758718287,1.2910879185772661
26024,857,115,0.45685506723302505,0.027473009758016812,0.03288649467709157,1.432922458333837
22918,1399,137,0.36125715484989435,0.022544783964788276,0.027289681380061024,1.465226531868314
3519,1323,134,0.4136535704126877,0.022616168629872722,0.02700958181278986,1.4262565531294342
7962,576,56,0.27943219012722953,0.03784601278664536,0.04103388412539304,1.1755605189571732
21088,415,45,0.4522974292274761,0.04509255269545944,0.061670986510555414,1.870476034958131
12989,657,69,0.3566326833972213,0.030862538010063084,0.032814569982197166,1.1304989393688232
7403,407,47,0.32451225488845387,0.04519709848437007,0.04986215697495875,1.2170852875051152
22058,567,62,0.2132474245520585,0.04316526831596615,0.0641626472550833,2.2095084067253334
437,1016,108,0.3464083218770831,0.028707476340168982,0.04226213047589005,2.16726861488344
14498,402,46,0.3767026122977058,0.04091800586947899,0.05790094499267135,2.00236102372925
12836,762,165,0.45193048155949656,0.029253436527246535,0.03589042840133346,1.505232202116841
6486,770,69,0.34197044943126265,0.03712803799216185,0.03935395399614009,1.1234991484509993
18379,1738,188,0.33598917823066693,0.02196131434546558,0.024698630797498376,1.2648210937356943
12147,1102,133,0.30745404851975017,0.024374204890781057,0.029964272946840793,1.511285702926965
13416,1400,161,0.30826963916300887,0.02583956327177033,0.027967576362387992,1.1714919989761883
25915,519,76,0.4122259911261161,0.03881859474276902,0.051300960844495404,1.7465112178261926
11224,730,102,0.4929918966197886,0.02824440937687254,0.030894331854472934,1.1964446701412572
18250,752,77,0.2983007579604132,0.03360290380608319,0.06178612931834449,3.380869135432145
12423,648,69,0.4909021596799871,0.03013061052896163,0.03210506329412557,1.135353746435793
3736,273,28,0.2442466278672983,0.05217619998165687,0.0605472297282974,1.3466156656716262
8790,1380,142,0.3989516099076317,0.023353786282215145,0.033134158464074255,2.0129699272704182
16581,1075,145,0.4562907094711085,0.02632393747639444,0.03469028875988909,1.7366573094374986
11583,941,98,0.4344005367191662,0.025803352939760757,0.029662506976242137,1.3214886008665778
4265,204,25,0.5053151637381634,0.05907434115185971,0.04204943958579259,0.5066670371771423
12389,601,92,0.20869718106154903,0.03910209236668201,0.10628016577801928,7.387618357174014
2690,1454,143,0.4021546066898097,0.023075465097384666,0.024844360903473302,1.1591902842754782
26353,455,58,0.43834052489045533,0.0430206595911985,0.051037180115822214,1.407405398232889
21032,1442,166,0.4263301675216092,0.021904143306534694,0.025901022222188548,1.3982385276796945
12599,1571,115,0.3364390166789359,0.019793416191083026,0.025302074473615727,1.634070336568909
13704,1057,130,0.31726271053598365,0.032362727061489016,0.03829381685099783,1.4001259039570575
7058,2965,212,0.328731906243557,0.01620722611892668,0.02146321792061038,1.7537685896300994
17249,675,98,0.4703145103134946,0.02971420820370881,0.03631557062485606,1.4936795016593933
1246,2456,276,0.28081708698174207,0.018810925020365694,0.03971991240235589,4.458576877175332
24772,1360,152,0.38888030616179675,0.023491567401768883,0.028715579707587036,1.4942084463342946
2991,855,93,0.28360865308445415,0.03198062314813324,0.03271663659278281,1.0465583724807928
13728,651,160,0.389617436160943,0.032157495475749,0.03557407367255214,1.223778350224396
23167,1509,169,0.40624918848513525,0.02150914217531182,0.0329020183537061,2.3399086347573026
14198,314,45,0.4308368132453712,0.04973149282932687,0.05899172460822763,1.407081307704476
21507,211,35,0.1851159084836612,0.07506330159204593,0.07000306263448922,0.8697185968700625
24787,1563,167,0.3828491727548689,0.022348794679303067,0.026501473962760765,1.406150634872583
15704,458,58,0.149863551789493,0.04435960885083096,0.0757673569251135,2.917352174278873
3115,834,106,0.4358496332262089,0.026222675844701615,0.032955421691909126,1.5794276387051494
14058,1219,164,0.34323954719275596,0.025258303634044913,0.029176527651477224,1.3343164790445912
9552,216,20,0.3313046107399423,0.06205775839192827,0.06839491857687369,1.214662168371862
2471,1514,163,0.4803909054112651,0.02147932775715507,0.021563869027490287,1.007887364616732
23047,514,75,0.41248632069580216,0.03773699832153203,0.04956918106723024,1.7253959842581195
12416,273,28,0.23231260274861398,0.05840629442075653,0.0601435968605338,1.0603750193386907
12536,1342,161,0.28700658562815073,0.026966071385332663,0.03665049230864534,1.847244004431718
23221,560,60,0.3532147731761549,0.0378228906308418,0.03153468761876833,0.695132562112226
24565,1910,280,0.37141232344862496,0.019864133352168602,0.045174256212706036,5.171812568755074
9568,554,58,0.34547786584562734,0.03944080554472268,0.03763953747937362,0.9107454355008953
19981,671,82,0.36430672511816875,0.03393383463542811,0.06533922194227375,3.7075075059889246
24550,1021,121,0.29656100415993175,0.02902462956943016,0.036999253277243446,1.624996937907756
2284,1610,208,0.48489789596820776,0.017993176039770634,0.021160914196022382,1.3830987679040798
7124,1071,111,0.350620983716606,0.02536388738836397,0.026398080337352595,1.0832109954456854
16141,739,95,0.4481845324400662,0.030627670286696138,0.043049331561064635,1.975626752869002
9915,2448,250,0.418585250163965,0.01671571153609506,0.02194552331152431,1.723622470021137
377,516,68,0.4452343407177075,0.037476430327076905,0.04161234888938659,1.232900497628548
5974,653,102,0.4322199548601482,0.030770426058536336,0.048899058885646524,2.5254221316810486
20150,637,80,0.42494301401480955,0.03193549148160372,0.03749092761636995,1.3781775260125626
12095,783,116,0.3489347947965886,0.029381522764571334,0.031925838944096695,1.1806904111655707
1712,254,38,0.4414499997384535,0.047537375783992836,0.05179101728972676,1.1869665384167796
12253,1259,279,0.31246637023485857,0.024480720096202967,0.04502639015028511,3.3828744785209754
3968,1030,56,0.4640253555094833,0.022299433425414503,0.028702915007854417,1.6567781272860056
22509,1156,131,0.5219447062286746,0.019635777187535237,0.02659491688802495,1.8344297462135242
15041,832,128,0.36596659485189603,0.029285392627275156,0.043441745740869564,2.2004547230866045
25454,1490,233,0.3886440432196664,0.023815641015825815,0.027444635807792016,1.3279765108874357
10045,267,40,0.3991467795969432,0.05215513600096186,0.08369820135759008,2.575360830648983
19413,442,77,0.2003557966003946,0.047893404670588315,0.0698768094486169,2.1287012298873402
19101,224,25,0.2831300223093073,0.061084530727990895,0.0768733390917042,1.5837586780486743
11901,508,42,0.4351853031147797,0.03487624843906995,0.0338525401848387,0.9421563926994492
10452,453,62,0.3775319144448349,0.041552824926535406,0.047602960483516706,1.312401799793842
9611,1431,210,0.4270266757618356,0.022113946111192346,0.027395185670447006,1.5346735301678835
18665,506,83,0.4005993880439817,0.03671702861254453,0.04038554267400254,1.209808941984784
23676,351,42,0.25314522126944367,0.05054507545472232,0.04368167696530943,0.7468629354763032
23263,501,56,0.304997600626568,0.038143988416081014,0.04493600781591543,1.3878315913204715
24688,684,83,0.35724151147901806,0.034989497369705774,0.07808538419887612,4.980398519206189
11890,331,35,0.30967256238450935,0.05188858431933909,0.05285137665672091,1.0374542744937483
16064,1444,188,0.28170963045205,0.02491267074296386,0.0462654984141727,3.4488468848531206
23417,582,69,0.37972656262986,0.03496900492472094,0.043261640850220426,1.530521471563691
2224,342,51,0.3607682412848859,0.04848892963193139,0.048096582773815254,0.9838825262134978
5669,582,95,0.3351444551007213,0.039959883505170296,0.043017324090384175,1.1588797013734309
25509,346,44,0.2506597529786639,0.052205512123614586,0.054112765257445516,1.0744018180015225
1877,1085,115,0.2827436570349308,0.027829358773386003,0.045946980613599385,2.725885157759176
26128,329,36,0.433180218382454,0.05877568872630754,0.06817039082887208,1.3452286683866073
11059,426,52,0.4160812945113038,0.039112786646448135,0.04455813888860828,1.29782629108388
22230,667,94,0.3351187691703335,0.03413138221349004,0.044937130068340506,1.7334164460985007
3531,721,75,0.495769481107995,0.02927012092999593,0.03496646945546424,1.4271004222784613
26480,1644,203,0.35254255969574994,0.021947723544850833,0.03335209821799939,2.3092308980443788
21339,1298,104,0.3929264160213295,0.024878848510543627,0.04681103370669627,3.540266143361391
19236,641,96,0.39477890468173543,0.033602602567622264,0.03771957776779331,1.2600501037037275
17933,369,61,0.5957375586089254,0.03405648884682156,0.06121661550264387,3.2310143570572967
11602,917,136,0.33954204136761573,0.029270241100503996,0.03350035981709638,1.3099247379086774
9992,1294,148,0.4696462789861163,0.02331817691770551,0.024991636390412388,1.1486830195184758
18222,866,143,0.36401449108917555,0.028877676858099447,0.035653841755697975,1.5243621636150917
11261,456,49,0.24198113649105416,0.0501728536762048,0.03560756803196376,0.5036710849618983
5856,418,51,0.3319193669852103,0.05381787174230131,0.06972059849270458,1.678298375935815
8091,1165,157,0.30774821998629803,0.026338092595102766,0.038893699109433605,2.1806695526977733
793,274,27,0.39494873155886856,0.05166432774828809,0.05630045030732767,1.1875233872490931
770,317,29,0.3702385928591116,0.04893246891690418,0.06970217116040221,2.0290761894332925
20128,725,97,0.42945281834139803,0.030447946509514236,0.03020902751054786,0.9843679688621174
9077,2361,244,0.3816336384595472,0.0179365039995482,0.02489917555889409,1.9270560083027795
2719,1799,151,0.31472242794846833,0.021962531800441918,0.03479524585757925,2.510007460400256
18969,1184,152,0.3809912583670568,0.02445484203366778,0.026226869583541656,1.1501730562304235
1233,945,122,0.3752892698542695,0.02867158384947972,0.03851261370444727,1.8042745283252237
23872,212,20,0.37854380281129,0.06822716310959695,0.07900087059504343,1.3407540800082816
21816,861,128,0.37926577597020533,0.03033432244632861,0.036430298030406746,1.4423041412863973
73,1979,197,0.498208774663946,0.016185824163283253,0.02179072377076432,1.8124818850735323
10248,1159,105,0.1487092147670691,0.030655711399369123,0.04115858421671941,1.8025945639347518
15462,1367,138,0.4323661519012607,0.021731194157289743,0.02597219740211496,1.4284011991365968
3111,791,114,0.2235851469098473,0.041143535037639845,0.04617178693731212,1.2593607655365566
13659,750,81,0.45469808988390953,0.029840039348307916,0.04115761634245283,1.9023991623469654
9925,473,51,0.4706258236435876,0.03757126388896152,0.045160254535242854,1.4447781079625368
21439,2926,363,0.3085611177972429,0.01720048957802595,0.021736332447464993,1.5969485292749446
26885,389,46,0.3772272879504295,0.0442519244914305,0.0399492731456044,0.81499217436667
26995,785,105,0.4776353809755341,0.028739508360393327,0.0362332713698263,1.589484965316171
17974,3041,229,0.5082215046967918,0.013324133797411626,0.018491202017751843,1.925982410132137
3018,1589,158,0.41932791462031466,0.019200712949760026,0.024142367347359125,1.5809749825060393
19646,569,77,0.2273257206436064,0.03843536015570453,0.04816049489301745,1.570073458923384
140,1683,190,0.42400555871582524,0.020441372755785885,0.02215104502397346,1.1742709687314001
16468,216,25,0.4112045900469714,0.05426574275253866,0.054662877784593944,1.0146902335057053
3169,744,67,0.36475049552020444,0.03488900451303393,0.047243634715649505,1.833620475737122
12212,465,66,0.4627490871034613,0.03977221816312971,0.03027420770475227,0.5794099466710079
11575,432,62,0.42430843647309024,0.046303784676764305,0.048209169849978195,1.0839926224802057
11076,949,109,0.45497883437933706,0.023769322074785326,0.02874653669827069,1.4626400747011405
3033,329,20,0.3391525836541657,0.05285139892012092,0.0536605598263777,1.0308546261971616
12054,710,104,0.2508020859722649,0.03534880263784775,0.054350340558321865,2.364041652439969
20195,329,27,0.4195061742499472,0.04282000506058859,0.05940471943227803,1.9246353999548538
3600,571,75,0.5094953322406499,0.036709874735653,0.04490317115721681,1.496195074219741
24667,622,77,0.3610421422766227,0.03368396785533144,0.06604198290805424,3.8440915347606475
2388,1043,136,0.412905236565399,0.025440424469503217,0.03811948760116905,2.2451502085982
27599,383,43,0.36722024508113554,0.04824948830225154,0.05538024060402026,1.317420001256882
12650,342,37,0.2826238537585636,0.0523042902452993,0.061709624730633315,1.3919741953907387
4129,692,74,0.4360607057687723,0.04383332686224412,0.05862747304913146,1.7889305613128905
19832,687,100,0.4660079464872182,0.03402434700118523,0.03260317052386258,0.9182058874124914
2654,442,72,0.3265030654180065,0.041509222563569155,0.07119913365073369,2.942118897053832
3982,414,43,0.41788181950970754,0.040090805538874626,0.0468704872347711,1.3668138511862278
22986,913,121,0.5013088629477308,0.029190786431378974,0.03587250249695518,1.5101905834551317
13427,486,81,0.32542342597415025,0.04020580711786611,0.042358884431060555,1.1099705552668913
6812,1880,230,0.36695689134572596,0.020400864654615682,0.022762066139145706,1.2448763392896305
17887,511,69,0.4746959594307793,0.04213400032559069,0.046931122647342186,1.2406706195715453
1502,258,30,0.3976183441477476,0.05137244713833176,0.04467712204724569,0.7563274644627564
11351,885,135,0.34492746831391163,0.028617004897800752,0.03892889577169779,1.850528654696461
24169,1066,111,0.42396090071888726,0.026114471166518823,0.03273071434032508,1.5708998437196624
15753,1232,137,0.5043258313874905,0.021236269128684197,0.02026853703071189,0.9109370461294725
12795,326,31,0.44479887392173045,0.047717538399292034,0.04343529097011544,0.828570385858187
16585,1077,118,0.34252546416620433,0.0260421465695205,0.03221143038743418,1.52991204388498
611,625,70,0.3726972788437087,0.03416257468652944,0.046603124495370976,1.8609250472969527
24778,978,124,0.43950107054876697,0.027030725557276102,0.03200314484957944,1.4017478803167924
21581,1121,125,0.42079403704973994,0.02658920235270273,0.028255698770071072,1.12927960719855
7308,1999,104,0.3023512468310047,0.021869071024755733,0.029743561768360852,1.8498021391733137
22977,445,68,0.39677736131617236,0.044644471356242624,0.0527582086810744,1.3965121328662644
201,256,30,0.2850442270318288,0.061729596150982065,0.05010939319372918,0.6589484121425803
19939,1530,182,0.4872743766366308,0.019860715157826378,0.02099823197686092,1.117829824966517
22883,815,116,0.30837704967149404,0.03586465975008063,0.04478691896302911,1.5594409841735313
22534,1897,198,0.4512054475894495,0.019346757197991404,0.021128096257088884,1.192626269136494
151,2020,221,0.45431840656574307,0.018210900702758978,0.018558905380661624,1.0385845614665006
257,639,64,0.30116692320775823,0.034931363045154463,0.032916378103197905,0.8879592174683784
